pipeline_a,pipeline_b,mean_a,mean_b,delta,wilcoxon_stat,p_value,significant,cohens_d,ci_lower,ci_upper,effect_size,n_comparisons,alpha_bonferroni
a_lgbm,b_pca20_mlp,0.470317,0.316525,0.153791,0.0,6.1e-05,True,11.7082,10.0306,15.5862,large,595,8.4e-05
a_lgbm,b_pca20_lr,0.470317,0.268302,0.202015,0.0,6.1e-05,True,16.2972,14.3065,21.0361,large,595,8.4e-05
a_lgbm,b_pca20_lgbm,0.470317,0.325282,0.145035,0.0,6.1e-05,True,11.0877,9.6861,14.3205,large,595,8.4e-05
a_lgbm,a_xgb,0.470317,0.467933,0.002384,0.0,6.1e-05,True,0.161,-0.5512,0.8673,negligible,595,8.4e-05
d_xgb,f_lr,0.430943,0.454131,-0.023188,0.0,6.1e-05,True,-1.3166,-2.2951,-0.6955,large,595,8.4e-05
d_xgb,f_lgbm,0.430943,0.455375,-0.024432,0.0,6.1e-05,True,-1.4692,-2.5592,-0.7752,large,595,8.4e-05
d_xgb,e_lr,0.430943,0.408232,0.022711,0.0,6.1e-05,True,1.3169,0.7169,2.2361,large,595,8.4e-05
d_rf,f_xgb,0.425527,0.45718,-0.031653,0.0,6.1e-05,True,-2.1187,-3.1297,-1.5505,large,595,8.4e-05
d_rf,f_rf,0.425527,0.455819,-0.030292,0.0,6.1e-05,True,-1.9076,-2.8816,-1.2907,large,595,8.4e-05
a_lr,b_pca20_mlp,0.449662,0.316525,0.133136,0.0,6.1e-05,True,10.3605,8.4978,14.9262,large,595,8.4e-05
a_lr,b_pca20_lr,0.449662,0.268302,0.18136,0.0,6.1e-05,True,14.9967,12.4538,20.754,large,595,8.4e-05
a_lr,b_pca20_lgbm,0.449662,0.325282,0.12438,0.0,6.1e-05,True,9.7213,7.9469,13.6312,large,595,8.4e-05
a_lr,a_xgb,0.449662,0.467933,-0.018271,0.0,6.1e-05,True,-1.2554,-2.1363,-0.6539,large,595,8.4e-05
a_lr,a_rf,0.449662,0.467784,-0.018123,0.0,6.1e-05,True,-1.2781,-2.1304,-0.6783,large,595,8.4e-05
e_rf,f_rf,0.434155,0.455819,-0.021663,0.0,6.1e-05,True,-1.3014,-2.1652,-0.6773,large,595,8.4e-05
e_lr,f_lr,0.408232,0.454131,-0.045899,0.0,6.1e-05,True,-2.3051,-3.454,-1.6693,large,595,8.4e-05
a_lgbm,d_lgbm,0.470317,0.430483,0.039833,0.0,6.1e-05,True,2.6959,1.9765,4.0951,large,595,8.4e-05
a_lgbm,f_rf,0.470317,0.455819,0.014498,0.0,6.1e-05,True,0.8501,0.1923,1.8229,large,595,8.4e-05
a_lgbm,a_mlp,0.470317,0.449193,0.021124,0.0,6.1e-05,True,1.4749,0.8696,2.4245,large,595,8.4e-05
a_lgbm,f_lgbm,0.470317,0.455375,0.014942,0.0,6.1e-05,True,0.887,0.2477,1.7962,large,595,8.4e-05
a_lgbm,e_xgb,0.470317,0.432861,0.037455,0.0,6.1e-05,True,2.6118,2.0272,3.6794,large,595,8.4e-05
a_lgbm,e_rf,0.470317,0.434155,0.036161,0.0,6.1e-05,True,2.4852,1.8867,3.5444,large,595,8.4e-05
a_lgbm,e_mlp,0.470317,0.422079,0.048238,0.0,6.1e-05,True,3.1168,2.4822,4.366,large,595,8.4e-05
a_lgbm,e_lr,0.470317,0.408232,0.062085,0.0,6.1e-05,True,3.5573,2.8376,5.0443,large,595,8.4e-05
a_lgbm,e_lgbm,0.470317,0.430156,0.04016,0.0,6.1e-05,True,2.8689,2.2602,4.0482,large,595,8.4e-05
a_lgbm,d_xgb,0.470317,0.430943,0.039374,0.0,6.1e-05,True,2.6649,2.0019,3.9358,large,595,8.4e-05
d_lgbm,f_xgb,0.430483,0.45718,-0.026697,0.0,6.1e-05,True,-1.6727,-2.8026,-1.0342,large,595,8.4e-05
d_lgbm,f_rf,0.430483,0.455819,-0.025335,0.0,6.1e-05,True,-1.5042,-2.5566,-0.8482,large,595,8.4e-05
d_lgbm,f_mlp,0.430483,0.454323,-0.02384,0.0,6.1e-05,True,-1.4086,-2.4947,-0.7459,large,595,8.4e-05
a_lr,d_lgbm,0.449662,0.430483,0.019178,0.0,6.1e-05,True,1.3206,0.6776,2.4704,large,595,8.4e-05
a_lr,c_xgb,0.449662,0.472805,-0.023143,0.0,6.1e-05,True,-1.6854,-2.6495,-1.0921,large,595,8.4e-05
a_lr,c_rf,0.449662,0.469832,-0.02017,0.0,6.1e-05,True,-1.4338,-2.3394,-0.8456,large,595,8.4e-05
a_lr,c_lgbm,0.449662,0.469593,-0.019931,0.0,6.1e-05,True,-1.431,-2.3323,-0.8566,large,595,8.4e-05
a_lr,b_pca90_xgb,0.449662,0.426388,0.023273,0.0,6.1e-05,True,1.7434,1.1054,2.7753,large,595,8.4e-05
a_lr,b_pca90_rf,0.449662,0.422365,0.027297,0.0,6.1e-05,True,1.9961,1.3572,3.0863,large,595,8.4e-05
a_lr,b_pca90_mlp,0.449662,0.422098,0.027563,0.0,6.1e-05,True,1.5819,1.0501,2.5363,large,595,8.4e-05
a_lr,b_pca90_lr,0.449662,0.413471,0.03619,0.0,6.1e-05,True,2.4963,1.8594,3.6245,large,595,8.4e-05
a_lr,b_pca90_lgbm,0.449662,0.425664,0.023998,0.0,6.1e-05,True,1.7641,1.1368,2.8334,large,595,8.4e-05
a_lr,b_pca20_xgb,0.449662,0.324421,0.125241,0.0,6.1e-05,True,9.3592,7.6279,13.4198,large,595,8.4e-05
a_lr,b_pca20_rf,0.449662,0.328477,0.121184,0.0,6.1e-05,True,9.5918,7.8289,13.4752,large,595,8.4e-05
a_lgbm,b_pca90_mlp,0.470317,0.422098,0.048218,0.0,6.1e-05,True,2.7341,2.1989,3.8482,large,595,8.4e-05
a_lgbm,b_pca90_lr,0.470317,0.413471,0.056845,0.0,6.1e-05,True,3.8537,3.2376,5.1578,large,595,8.4e-05
a_lgbm,b_pca90_lgbm,0.470317,0.425664,0.044653,0.0,6.1e-05,True,3.2186,2.613,4.4125,large,595,8.4e-05
a_lgbm,b_pca20_xgb,0.470317,0.324421,0.145896,0.0,6.1e-05,True,10.6841,9.1223,14.0122,large,595,8.4e-05
a_lgbm,b_pca20_rf,0.470317,0.328477,0.141839,0.0,6.1e-05,True,10.9749,9.5405,14.1779,large,595,8.4e-05
a_mlp,b_pca20_mlp,0.449193,0.316525,0.132668,0.0,6.1e-05,True,10.7552,9.0359,14.5367,large,595,8.4e-05
a_mlp,b_pca20_lr,0.449193,0.268302,0.180891,0.0,6.1e-05,True,15.6692,13.5705,20.2424,large,595,8.4e-05
a_mlp,b_pca20_lgbm,0.449193,0.325282,0.123911,0.0,6.1e-05,True,10.093,8.6983,13.138,large,595,8.4e-05
a_mlp,a_xgb,0.449193,0.467933,-0.01874,0.0,6.1e-05,True,-1.3289,-2.2163,-0.6773,large,595,8.4e-05
a_mlp,a_rf,0.449193,0.467784,-0.018591,0.0,6.1e-05,True,-1.3556,-2.2499,-0.6911,large,595,8.4e-05
a_lr,e_xgb,0.449662,0.432861,0.0168,0.0,6.1e-05,True,1.1932,0.5624,2.1255,large,595,8.4e-05
a_lr,e_rf,0.449662,0.434155,0.015506,0.0,6.1e-05,True,1.0848,0.4565,2.0028,large,595,8.4e-05
a_lr,e_mlp,0.449662,0.422079,0.027583,0.0,6.1e-05,True,1.8104,1.1681,2.9349,large,595,8.4e-05
a_lr,e_lr,0.449662,0.408232,0.04143,0.0,6.1e-05,True,2.4032,1.7392,3.7451,large,595,8.4e-05
a_lr,e_lgbm,0.449662,0.430156,0.019505,0.0,6.1e-05,True,1.4205,0.7942,2.4114,large,595,8.4e-05
a_lr,d_xgb,0.449662,0.430943,0.018719,0.0,6.1e-05,True,1.289,0.6338,2.4217,large,595,8.4e-05
a_lr,d_rf,0.449662,0.425527,0.024135,0.0,6.1e-05,True,1.802,1.1948,2.936,large,595,8.4e-05
a_lr,d_mlp,0.449662,0.428092,0.021569,0.0,6.1e-05,True,1.4398,0.8653,2.4799,large,595,8.4e-05
a_lr,d_lr,0.449662,0.418466,0.031196,0.0,6.1e-05,True,2.0794,1.4116,3.4357,large,595,8.4e-05
a_lgbm,a_lr,0.470317,0.449662,0.020655,0.0,6.1e-05,True,1.3986,0.7943,2.3084,large,595,8.4e-05
e_xgb,f_xgb,0.432861,0.45718,-0.024319,0.0,6.1e-05,True,-1.563,-2.4449,-0.9475,large,595,8.4e-05
e_xgb,f_rf,0.432861,0.455819,-0.022957,0.0,6.1e-05,True,-1.3945,-2.2801,-0.7737,large,595,8.4e-05
a_mlp,c_xgb,0.449193,0.472805,-0.023612,0.0,6.1e-05,True,-1.7819,-2.744,-1.1407,large,595,8.4e-05
a_mlp,c_rf,0.449193,0.469832,-0.020639,0.0,6.1e-05,True,-1.5177,-2.4103,-0.8665,large,595,8.4e-05
a_mlp,c_lgbm,0.449193,0.469593,-0.0204,0.0,6.1e-05,True,-1.5163,-2.4358,-0.8791,large,595,8.4e-05
a_mlp,b_pca90_xgb,0.449193,0.426388,0.022805,0.0,6.1e-05,True,1.7741,1.2448,2.7224,large,595,8.4e-05
a_mlp,b_pca90_rf,0.449193,0.422365,0.026828,0.0,6.1e-05,True,2.0337,1.4652,3.0637,large,595,8.4e-05
a_mlp,b_pca90_mlp,0.449193,0.422098,0.027095,0.0,6.1e-05,True,1.5893,1.082,2.4709,large,595,8.4e-05
a_mlp,b_pca90_lr,0.449193,0.413471,0.035722,0.0,6.1e-05,True,2.5437,1.9667,3.6538,large,595,8.4e-05
a_mlp,b_pca90_lgbm,0.449193,0.425664,0.023529,0.0,6.1e-05,True,1.7936,1.2371,2.7441,large,595,8.4e-05
a_mlp,b_pca20_xgb,0.449193,0.324421,0.124772,0.0,6.1e-05,True,9.6816,8.0962,12.9736,large,595,8.4e-05
a_mlp,b_pca20_rf,0.449193,0.328477,0.120716,0.0,6.1e-05,True,9.9684,8.5083,13.3267,large,595,8.4e-05
a_rf,b_pca90_xgb,0.467784,0.426388,0.041396,0.0,6.1e-05,True,3.1883,2.6187,4.3313,large,595,8.4e-05
a_rf,b_pca90_rf,0.467784,0.422365,0.045419,0.0,6.1e-05,True,3.4103,2.8186,4.713,large,595,8.4e-05
a_rf,b_pca90_mlp,0.467784,0.422098,0.045686,0.0,6.1e-05,True,2.6645,2.1383,3.7655,large,595,8.4e-05
a_rf,b_pca90_lr,0.467784,0.413471,0.054313,0.0,6.1e-05,True,3.8352,3.2218,5.1921,large,595,8.4e-05
a_rf,b_pca90_lgbm,0.467784,0.425664,0.04212,0.0,6.1e-05,True,3.1801,2.5495,4.4852,large,595,8.4e-05
a_rf,b_pca20_xgb,0.467784,0.324421,0.143364,0.0,6.1e-05,True,11.0137,9.2164,14.9068,large,595,8.4e-05
a_rf,b_pca20_rf,0.467784,0.328477,0.139307,0.0,6.1e-05,True,11.3746,9.7677,15.0902,large,595,8.4e-05
a_rf,b_pca20_mlp,0.467784,0.316525,0.151259,0.0,6.1e-05,True,12.1297,10.242,16.4702,large,595,8.4e-05
a_rf,b_pca20_lr,0.467784,0.268302,0.199482,0.0,6.1e-05,True,17.0666,14.6989,22.6631,large,595,8.4e-05
a_rf,b_pca20_lgbm,0.467784,0.325282,0.142502,0.0,6.1e-05,True,11.4805,9.8858,15.2491,large,595,8.4e-05
e_rf,f_xgb,0.434155,0.45718,-0.023025,0.0,6.1e-05,True,-1.4616,-2.3321,-0.8464,large,595,8.4e-05
a_mlp,e_lr,0.449193,0.408232,0.040961,0.0,6.1e-05,True,2.4297,1.8194,3.7211,large,595,8.4e-05
a_lgbm,c_mlp,0.470317,0.445802,0.024514,0.0,6.1e-05,True,1.754,1.1695,2.6824,large,595,8.4e-05
a_rf,e_xgb,0.467784,0.432861,0.034923,0.0,6.1e-05,True,2.5428,1.958,3.5492,large,595,8.4e-05
a_rf,e_rf,0.467784,0.434155,0.033629,0.0,6.1e-05,True,2.4101,1.8132,3.4275,large,595,8.4e-05
a_rf,e_mlp,0.467784,0.422079,0.045705,0.0,6.1e-05,True,3.0641,2.4078,4.3416,large,595,8.4e-05
a_rf,e_lr,0.467784,0.408232,0.059553,0.0,6.1e-05,True,3.5118,2.7686,5.0437,large,595,8.4e-05
a_rf,e_lgbm,0.467784,0.430156,0.037628,0.0,6.1e-05,True,2.813,2.1781,4.0092,large,595,8.4e-05
a_rf,d_xgb,0.467784,0.430943,0.036841,0.0,6.1e-05,True,2.5968,1.9305,3.9072,large,595,8.4e-05
a_rf,d_rf,0.467784,0.425527,0.042258,0.0,6.1e-05,True,3.2434,2.6671,4.4672,large,595,8.4e-05
a_rf,d_mlp,0.467784,0.428092,0.039692,0.0,6.1e-05,True,2.7082,2.1237,4.0402,large,595,8.4e-05
a_rf,d_lr,0.467784,0.418466,0.049319,0.0,6.1e-05,True,3.3601,2.6421,4.9687,large,595,8.4e-05
a_rf,d_lgbm,0.467784,0.430483,0.037301,0.0,6.1e-05,True,2.6292,1.9048,4.0504,large,595,8.4e-05
a_rf,c_xgb,0.467784,0.472805,-0.005021,0.0,6.1e-05,True,-0.3753,-1.1621,0.2763,small,595,8.4e-05
a_rf,c_mlp,0.467784,0.445802,0.021982,0.0,6.1e-05,True,1.6463,1.0806,2.5554,large,595,8.4e-05
a_rf,c_lr,0.467784,0.449611,0.018174,0.0,6.1e-05,True,1.2949,0.6521,2.2339,large,595,8.4e-05
a_xgb,d_lgbm,0.467933,0.430483,0.03745,0.0,6.1e-05,True,2.5718,1.8692,3.9456,large,595,8.4e-05
a_xgb,c_mlp,0.467933,0.445802,0.022131,0.0,6.1e-05,True,1.6095,1.0219,2.5022,large,595,8.4e-05
a_xgb,c_lr,0.467933,0.449611,0.018323,0.0,6.1e-05,True,1.2713,0.6328,2.187,large,595,8.4e-05
a_xgb,b_pca90_xgb,0.467933,0.426388,0.041545,0.0,6.1e-05,True,3.1022,2.5266,4.2637,large,595,8.4e-05
a_xgb,b_pca90_rf,0.467933,0.422365,0.045568,0.0,6.1e-05,True,3.3222,2.7175,4.5607,large,595,8.4e-05
a_xgb,b_pca90_mlp,0.467933,0.422098,0.045835,0.0,6.1e-05,True,2.6255,2.1133,3.6995,large,595,8.4e-05
a_xgb,b_pca90_lr,0.467933,0.413471,0.054462,0.0,6.1e-05,True,3.7465,3.1237,5.0664,large,595,8.4e-05
a_xgb,b_pca90_lgbm,0.467933,0.425664,0.042269,0.0,6.1e-05,True,3.0977,2.4812,4.3362,large,595,8.4e-05
a_xgb,b_pca20_xgb,0.467933,0.324421,0.143513,0.0,6.1e-05,True,10.6907,9.0541,14.285,large,595,8.4e-05
a_xgb,b_pca20_rf,0.467933,0.328477,0.139456,0.0,6.1e-05,True,10.9988,9.518,14.5351,large,595,8.4e-05
a_xgb,b_pca20_mlp,0.467933,0.316525,0.151408,0.0,6.1e-05,True,11.7419,9.9399,15.7726,large,595,8.4e-05
a_xgb,b_pca20_lr,0.467933,0.268302,0.199631,0.0,6.1e-05,True,16.4437,14.2543,21.3062,large,595,8.4e-05
a_xgb,b_pca20_lgbm,0.467933,0.325282,0.142651,0.0,6.1e-05,True,11.1108,9.6201,14.5656,large,595,8.4e-05
a_lgbm,c_lr,0.470317,0.449611,0.020706,0.0,6.1e-05,True,1.4154,0.7897,2.3769,large,595,8.4e-05
a_rf,f_rf,0.467784,0.455819,0.011966,0.0,6.1e-05,True,0.7231,0.0679,1.6636,medium,595,8.4e-05
b_pca20_lgbm,b_pca20_lr,0.325282,0.268302,0.05698,0.0,6.1e-05,True,5.7194,4.9832,7.5998,large,595,8.4e-05
a_lgbm,b_pca90_xgb,0.470317,0.426388,0.043928,0.0,6.1e-05,True,3.2243,2.6523,4.4077,large,595,8.4e-05
a_lgbm,b_pca90_rf,0.470317,0.422365,0.047952,0.0,6.1e-05,True,3.4391,2.84,4.6791,large,595,8.4e-05
a_xgb,e_xgb,0.467933,0.432861,0.035072,0.0,6.1e-05,True,2.4837,1.9186,3.5081,large,595,8.4e-05
a_xgb,e_rf,0.467933,0.434155,0.033778,0.0,6.1e-05,True,2.3565,1.7677,3.3879,large,595,8.4e-05
a_xgb,e_mlp,0.467933,0.422079,0.045854,0.0,6.1e-05,True,3.0023,2.3854,4.2666,large,595,8.4e-05
a_xgb,e_lr,0.467933,0.408232,0.059701,0.0,6.1e-05,True,3.4564,2.7444,4.9087,large,595,8.4e-05
a_xgb,e_lgbm,0.467933,0.430156,0.037777,0.0,6.1e-05,True,2.7428,2.125,3.8921,large,595,8.4e-05
a_xgb,d_xgb,0.467933,0.430943,0.03699,0.0,6.1e-05,True,2.5403,1.87,3.8,large,595,8.4e-05
a_xgb,d_rf,0.467933,0.425527,0.042406,0.0,6.1e-05,True,3.1563,2.5975,4.3689,large,595,8.4e-05
a_xgb,d_mlp,0.467933,0.428092,0.039841,0.0,6.1e-05,True,2.6527,2.0612,3.9032,large,595,8.4e-05
a_xgb,d_lr,0.467933,0.418466,0.049467,0.0,6.1e-05,True,3.289,2.5696,4.7934,large,595,8.4e-05
d_lgbm,f_lr,0.430483,0.454131,-0.023647,0.0,6.1e-05,True,-1.3427,-2.3492,-0.6812,large,595,8.4e-05
d_lgbm,f_lgbm,0.430483,0.455375,-0.024892,0.0,6.1e-05,True,-1.4968,-2.6702,-0.8075,large,595,8.4e-05
e_lr,f_lgbm,0.408232,0.455375,-0.047143,0.0,6.1e-05,True,-2.4749,-3.7601,-1.7951,large,595,8.4e-05
e_lr,e_xgb,0.408232,0.432861,-0.02463,0.0,6.1e-05,True,-1.4596,-2.379,-0.8365,large,595,8.4e-05
e_lr,e_rf,0.408232,0.434155,-0.025924,0.0,6.1e-05,True,-1.5201,-2.4295,-0.91,large,595,8.4e-05
e_lr,f_xgb,0.408232,0.45718,-0.048948,0.0,6.1e-05,True,-2.6506,-3.8693,-2.0274,large,595,8.4e-05
e_lgbm,f_xgb,0.430156,0.45718,-0.027024,0.0,6.1e-05,True,-1.7727,-2.7048,-1.1515,large,595,8.4e-05
e_lr,f_rf,0.408232,0.455819,-0.047587,0.0,6.1e-05,True,-2.474,-3.6377,-1.8399,large,595,8.4e-05
e_lr,f_mlp,0.408232,0.454323,-0.046092,0.0,6.1e-05,True,-2.3873,-3.5258,-1.7572,large,595,8.4e-05
e_lgbm,e_lr,0.430156,0.408232,0.021925,0.0,6.1e-05,True,1.322,0.6742,2.2707,large,595,8.4e-05
d_xgb,f_xgb,0.430943,0.45718,-0.026237,0.0,6.1e-05,True,-1.6439,-2.6663,-1.0237,large,595,8.4e-05
b_pca20_lgbm,d_xgb,0.325282,0.430943,-0.105661,0.0,6.1e-05,True,-8.2532,-11.1246,-6.9144,large,595,8.4e-05
b_pca20_lgbm,d_rf,0.325282,0.425527,-0.100245,0.0,6.1e-05,True,-8.7128,-12.7002,-7.0374,large,595,8.4e-05
b_pca20_lgbm,d_mlp,0.325282,0.428092,-0.10281,0.0,6.1e-05,True,-7.7182,-11.9738,-5.823,large,595,8.4e-05
b_pca20_lgbm,d_lr,0.325282,0.418466,-0.093184,0.0,6.1e-05,True,-6.9831,-9.5778,-5.7949,large,595,8.4e-05
b_pca20_lgbm,d_lgbm,0.325282,0.430483,-0.105201,0.0,6.1e-05,True,-8.2172,-11.4873,-6.7277,large,595,8.4e-05
b_pca20_lgbm,c_xgb,0.325282,0.472805,-0.147523,0.0,6.1e-05,True,-12.3988,-16.1635,-10.9975,large,595,8.4e-05
b_pca20_lgbm,c_rf,0.325282,0.469832,-0.14455,0.0,6.1e-05,True,-11.7669,-15.4912,-10.3987,large,595,8.4e-05
b_pca20_lgbm,c_mlp,0.325282,0.445802,-0.120521,0.0,6.1e-05,True,-10.1525,-13.8248,-8.72,large,595,8.4e-05
b_pca20_lgbm,c_lr,0.325282,0.449611,-0.124329,0.0,6.1e-05,True,-9.8414,-13.2389,-8.302,large,595,8.4e-05
b_pca20_lgbm,c_lgbm,0.325282,0.469593,-0.144311,0.0,6.1e-05,True,-11.9029,-15.7235,-10.4404,large,595,8.4e-05
b_pca20_lgbm,b_pca90_xgb,0.325282,0.426388,-0.101106,0.0,6.1e-05,True,-8.8265,-12.3094,-7.2956,large,595,8.4e-05
b_pca20_lgbm,b_pca90_rf,0.325282,0.422365,-0.097083,0.0,6.1e-05,True,-8.2049,-11.3217,-6.9029,large,595,8.4e-05
b_pca20_lgbm,b_pca90_mlp,0.325282,0.422098,-0.096816,0.0,6.1e-05,True,-6.0437,-9.5118,-4.7693,large,595,8.4e-05
b_pca20_lgbm,b_pca90_lr,0.325282,0.413471,-0.088189,0.0,6.1e-05,True,-6.9036,-9.5613,-5.7226,large,595,8.4e-05
b_pca20_lgbm,b_pca90_lgbm,0.325282,0.425664,-0.100382,0.0,6.1e-05,True,-8.5431,-11.8924,-7.1383,large,595,8.4e-05
b_pca20_lr,b_pca90_mlp,0.268302,0.422098,-0.153796,0.0,6.1e-05,True,-9.9447,-15.5659,-8.062,large,595,8.4e-05
b_pca20_lr,b_pca90_lr,0.268302,0.413471,-0.145169,0.0,6.1e-05,True,-12.0253,-16.0093,-10.2775,large,595,8.4e-05
b_pca20_lr,b_pca90_lgbm,0.268302,0.425664,-0.157362,0.0,6.1e-05,True,-14.3287,-19.7313,-12.1485,large,595,8.4e-05
b_pca20_lr,b_pca20_xgb,0.268302,0.324421,-0.056119,0.0,6.1e-05,True,-5.2418,-6.8886,-4.4727,large,595,8.4e-05
b_pca20_lr,b_pca20_rf,0.268302,0.328477,-0.060176,0.0,6.1e-05,True,-6.1682,-7.9997,-5.3422,large,595,8.4e-05
b_pca20_lr,b_pca20_mlp,0.268302,0.316525,-0.048223,0.0,6.1e-05,True,-4.806,-6.4866,-4.1014,large,595,8.4e-05
b_pca20_lgbm,f_xgb,0.325282,0.45718,-0.131898,0.0,6.1e-05,True,-9.1557,-12.3308,-7.9,large,595,8.4e-05
b_pca20_lgbm,f_rf,0.325282,0.455819,-0.130537,0.0,6.1e-05,True,-8.4886,-11.9213,-7.1235,large,595,8.4e-05
b_pca20_lgbm,f_mlp,0.325282,0.454323,-0.129041,0.0,6.1e-05,True,-8.3426,-11.2804,-7.1326,large,595,8.4e-05
b_pca20_lgbm,f_lr,0.325282,0.454131,-0.128849,0.0,6.1e-05,True,-7.9456,-10.9213,-6.7509,large,595,8.4e-05
b_pca20_lgbm,f_lgbm,0.325282,0.455375,-0.130093,0.0,6.1e-05,True,-8.5905,-12.3084,-7.0054,large,595,8.4e-05
b_pca20_lgbm,e_xgb,0.325282,0.432861,-0.10758,0.0,6.1e-05,True,-8.7472,-11.3913,-7.6314,large,595,8.4e-05
b_pca20_lgbm,e_rf,0.325282,0.434155,-0.108874,0.0,6.1e-05,True,-8.6802,-10.9874,-7.6261,large,595,8.4e-05
b_pca20_lgbm,e_mlp,0.325282,0.422079,-0.096797,0.0,6.1e-05,True,-7.1142,-9.9765,-5.6531,large,595,8.4e-05
b_pca20_lgbm,e_lr,0.325282,0.408232,-0.08295,0.0,6.1e-05,True,-5.2441,-8.3023,-4.0835,large,595,8.4e-05
b_pca20_lgbm,e_lgbm,0.325282,0.430156,-0.104874,0.0,6.1e-05,True,-8.8146,-11.4781,-7.4763,large,595,8.4e-05
b_pca20_lr,e_rf,0.268302,0.434155,-0.165854,0.0,6.1e-05,True,-14.0238,-17.3448,-12.6568,large,595,8.4e-05
b_pca20_lr,e_mlp,0.268302,0.422079,-0.153777,0.0,6.1e-05,True,-11.8757,-16.9425,-9.5543,large,595,8.4e-05
b_pca20_lr,e_lr,0.268302,0.408232,-0.13993,0.0,6.1e-05,True,-9.1721,-14.5821,-7.2792,large,595,8.4e-05
b_pca20_lr,e_lgbm,0.268302,0.430156,-0.161854,0.0,6.1e-05,True,-14.5288,-18.8359,-12.759,large,595,8.4e-05
b_pca20_lr,d_xgb,0.268302,0.430943,-0.162641,0.0,6.1e-05,True,-13.4396,-18.1298,-11.3873,large,595,8.4e-05
b_pca20_lr,d_rf,0.268302,0.425527,-0.157225,0.0,6.1e-05,True,-14.6661,-21.2578,-11.9777,large,595,8.4e-05
b_pca20_lr,d_mlp,0.268302,0.428092,-0.15979,0.0,6.1e-05,True,-12.6331,-19.8866,-9.6351,large,595,8.4e-05
b_pca20_lr,d_lr,0.268302,0.418466,-0.150164,0.0,6.1e-05,True,-11.8487,-16.6132,-9.893,large,595,8.4e-05
b_pca20_lr,d_lgbm,0.268302,0.430483,-0.162181,0.0,6.1e-05,True,-13.4014,-19.2609,-11.0126,large,595,8.4e-05
b_pca20_lr,c_xgb,0.268302,0.472805,-0.204503,0.0,6.1e-05,True,-18.3565,-23.2391,-16.2914,large,595,8.4e-05
b_pca20_lr,c_rf,0.268302,0.469832,-0.20153,0.0,6.1e-05,True,-17.445,-21.9981,-15.4951,large,595,8.4e-05
b_pca20_lr,c_mlp,0.268302,0.445802,-0.177501,0.0,6.1e-05,True,-15.9742,-21.0666,-13.7111,large,595,8.4e-05
b_pca20_lr,c_lr,0.268302,0.449611,-0.181309,0.0,6.1e-05,True,-15.2072,-20.6449,-12.8359,large,595,8.4e-05
b_pca20_lr,c_lgbm,0.268302,0.469593,-0.201291,0.0,6.1e-05,True,-17.6857,-22.8668,-15.5346,large,595,8.4e-05
b_pca20_lr,b_pca90_xgb,0.268302,0.426388,-0.158086,0.0,6.1e-05,True,-14.8216,-20.2443,-12.7253,large,595,8.4e-05
b_pca20_lr,b_pca90_rf,0.268302,0.422365,-0.154063,0.0,6.1e-05,True,-13.9168,-18.8506,-11.9693,large,595,8.4e-05
b_pca20_mlp,c_mlp,0.316525,0.445802,-0.129277,0.0,6.1e-05,True,-10.8352,-15.5063,-9.0061,large,595,8.4e-05
b_pca20_mlp,c_lr,0.316525,0.449611,-0.133085,0.0,6.1e-05,True,-10.4876,-14.8908,-8.6806,large,595,8.4e-05
b_pca20_mlp,c_lgbm,0.316525,0.469593,-0.153068,0.0,6.1e-05,True,-12.5641,-17.4961,-10.7965,large,595,8.4e-05
b_pca20_mlp,b_pca90_xgb,0.316525,0.426388,-0.109863,0.0,6.1e-05,True,-9.539,-13.966,-7.814,large,595,8.4e-05
b_pca20_mlp,b_pca90_rf,0.316525,0.422365,-0.10584,0.0,6.1e-05,True,-8.8996,-12.7883,-7.3104,large,595,8.4e-05
b_pca20_mlp,b_pca90_mlp,0.316525,0.422098,-0.105573,0.0,6.1e-05,True,-6.572,-10.2705,-5.1914,large,595,8.4e-05
b_pca20_mlp,b_pca90_lr,0.316525,0.413471,-0.096946,0.0,6.1e-05,True,-7.556,-10.8893,-6.1985,large,595,8.4e-05
b_pca20_mlp,b_pca90_lgbm,0.316525,0.425664,-0.109139,0.0,6.1e-05,True,-9.2406,-13.4506,-7.5796,large,595,8.4e-05
b_pca20_lr,f_xgb,0.268302,0.45718,-0.188878,0.0,6.1e-05,True,-13.6996,-18.4188,-11.7081,large,595,8.4e-05
b_pca20_lr,f_rf,0.268302,0.455819,-0.187517,0.0,6.1e-05,True,-12.6704,-17.789,-10.6397,large,595,8.4e-05
b_pca20_lr,f_mlp,0.268302,0.454323,-0.186021,0.0,6.1e-05,True,-12.4905,-16.9211,-10.7207,large,595,8.4e-05
b_pca20_lr,f_lr,0.268302,0.454131,-0.185829,0.0,6.1e-05,True,-11.8596,-16.3092,-10.0283,large,595,8.4e-05
b_pca20_lr,f_lgbm,0.268302,0.455375,-0.187073,0.0,6.1e-05,True,-12.8518,-18.5502,-10.4532,large,595,8.4e-05
b_pca20_lr,e_xgb,0.268302,0.432861,-0.16456,0.0,6.1e-05,True,-14.226,-18.1251,-12.697,large,595,8.4e-05
b_pca20_mlp,f_rf,0.316525,0.455819,-0.139293,0.0,6.1e-05,True,-9.0307,-12.791,-7.436,large,595,8.4e-05
b_pca20_mlp,f_mlp,0.316525,0.454323,-0.137798,0.0,6.1e-05,True,-8.8822,-12.1972,-7.4842,large,595,8.4e-05
b_pca20_mlp,f_lr,0.316525,0.454131,-0.137605,0.0,6.1e-05,True,-8.4626,-11.7045,-7.0925,large,595,8.4e-05
b_pca20_mlp,f_lgbm,0.316525,0.455375,-0.13885,0.0,6.1e-05,True,-9.1403,-13.5078,-7.4515,large,595,8.4e-05
b_pca20_mlp,e_xgb,0.316525,0.432861,-0.116336,0.0,6.1e-05,True,-9.4147,-12.6982,-8.0636,large,595,8.4e-05
b_pca20_mlp,e_rf,0.316525,0.434155,-0.11763,0.0,6.1e-05,True,-9.3359,-12.4397,-8.0427,large,595,8.4e-05
b_pca20_mlp,e_mlp,0.316525,0.422079,-0.105554,0.0,6.1e-05,True,-7.728,-11.213,-6.1158,large,595,8.4e-05
b_pca20_mlp,e_lr,0.316525,0.408232,-0.091706,0.0,6.1e-05,True,-5.7812,-9.0262,-4.4956,large,595,8.4e-05
b_pca20_mlp,e_lgbm,0.316525,0.430156,-0.113631,0.0,6.1e-05,True,-9.5026,-13.0968,-7.9986,large,595,8.4e-05
b_pca20_mlp,d_xgb,0.316525,0.430943,-0.114418,0.0,6.1e-05,True,-8.8984,-12.7121,-7.4298,large,595,8.4e-05
b_pca20_mlp,d_rf,0.316525,0.425527,-0.109001,0.0,6.1e-05,True,-9.423,-14.2739,-7.5017,large,595,8.4e-05
b_pca20_mlp,d_mlp,0.316525,0.428092,-0.111567,0.0,6.1e-05,True,-8.342,-13.6498,-6.3733,large,595,8.4e-05
b_pca20_mlp,d_lr,0.316525,0.418466,-0.10194,0.0,6.1e-05,True,-7.6088,-10.7739,-6.227,large,595,8.4e-05
b_pca20_mlp,d_lgbm,0.316525,0.430483,-0.113958,0.0,6.1e-05,True,-8.8626,-13.2932,-7.288,large,595,8.4e-05
b_pca20_mlp,c_xgb,0.316525,0.472805,-0.15628,0.0,6.1e-05,True,-13.0688,-18.2652,-11.2772,large,595,8.4e-05
b_pca20_mlp,c_rf,0.316525,0.469832,-0.153307,0.0,6.1e-05,True,-12.4209,-17.0311,-10.7273,large,595,8.4e-05
b_pca20_rf,d_xgb,0.328477,0.430943,-0.102466,0.0,6.1e-05,True,-8.1051,-11.1011,-6.8649,large,595,8.4e-05
b_pca20_rf,d_rf,0.328477,0.425527,-0.097049,0.0,6.1e-05,True,-8.568,-12.2046,-6.9823,large,595,8.4e-05
b_pca20_rf,d_mlp,0.328477,0.428092,-0.099615,0.0,6.1e-05,True,-7.5657,-11.5918,-5.7305,large,595,8.4e-05
b_pca20_rf,d_lr,0.328477,0.418466,-0.089988,0.0,6.1e-05,True,-6.8222,-9.3932,-5.6645,large,595,8.4e-05
b_pca20_rf,d_lgbm,0.328477,0.430483,-0.102006,0.0,6.1e-05,True,-8.0686,-11.4799,-6.7,large,595,8.4e-05
b_pca20_rf,c_xgb,0.328477,0.472805,-0.144328,0.0,6.1e-05,True,-12.3088,-15.8862,-10.8793,large,595,8.4e-05
b_pca20_rf,c_rf,0.328477,0.469832,-0.141355,0.0,6.1e-05,True,-11.6654,-15.1504,-10.324,large,595,8.4e-05
b_pca20_rf,c_mlp,0.328477,0.445802,-0.117325,0.0,6.1e-05,True,-10.0294,-13.486,-8.5089,large,595,8.4e-05
b_pca20_rf,c_lr,0.328477,0.449611,-0.121133,0.0,6.1e-05,True,-9.7133,-13.2591,-8.1931,large,595,8.4e-05
b_pca20_rf,c_lgbm,0.328477,0.469593,-0.141116,0.0,6.1e-05,True,-11.8042,-15.3872,-10.3072,large,595,8.4e-05
b_pca20_rf,b_pca90_xgb,0.328477,0.426388,-0.097911,0.0,6.1e-05,True,-8.6835,-12.0605,-7.2855,large,595,8.4e-05
b_pca20_rf,b_pca90_rf,0.328477,0.422365,-0.093888,0.0,6.1e-05,True,-8.053,-11.1295,-6.7459,large,595,8.4e-05
b_pca20_rf,b_pca90_mlp,0.328477,0.422098,-0.093621,0.0,6.1e-05,True,-5.8912,-9.1521,-4.6666,large,595,8.4e-05
b_pca20_rf,b_pca90_lr,0.328477,0.413471,-0.084994,0.0,6.1e-05,True,-6.7382,-9.3392,-5.6004,large,595,8.4e-05
b_pca20_rf,b_pca90_lgbm,0.328477,0.425664,-0.097187,0.0,6.1e-05,True,-8.3961,-11.8049,-7.031,large,595,8.4e-05
b_pca20_mlp,f_xgb,0.316525,0.45718,-0.140655,0.0,6.1e-05,True,-9.73,-13.3974,-8.1591,large,595,8.4e-05
b_pca20_xgb,c_lgbm,0.324421,0.469593,-0.145173,0.0,6.1e-05,True,-11.3932,-15.6893,-9.7606,large,595,8.4e-05
b_pca20_xgb,b_pca90_xgb,0.324421,0.426388,-0.101968,0.0,6.1e-05,True,-8.4222,-12.0665,-6.8892,large,595,8.4e-05
b_pca20_xgb,b_pca90_rf,0.324421,0.422365,-0.097944,0.0,6.1e-05,True,-7.8577,-11.0285,-6.4241,large,595,8.4e-05
b_pca20_xgb,b_pca90_mlp,0.324421,0.422098,-0.097678,0.0,6.1e-05,True,-5.9227,-9.1564,-4.6334,large,595,8.4e-05
b_pca20_xgb,b_pca90_lr,0.324421,0.413471,-0.089051,0.0,6.1e-05,True,-6.6643,-9.5245,-5.5017,large,595,8.4e-05
b_pca20_xgb,b_pca90_lgbm,0.324421,0.425664,-0.101244,0.0,6.1e-05,True,-8.1736,-11.798,-6.7144,large,595,8.4e-05
b_pca20_rf,f_xgb,0.328477,0.45718,-0.128703,0.0,6.1e-05,True,-9.0229,-12.1971,-7.7071,large,595,8.4e-05
b_pca20_rf,f_rf,0.328477,0.455819,-0.127341,0.0,6.1e-05,True,-8.3531,-11.6599,-7.0487,large,595,8.4e-05
b_pca20_rf,f_mlp,0.328477,0.454323,-0.125846,0.0,6.1e-05,True,-8.2062,-11.3603,-6.9741,large,595,8.4e-05
b_pca20_rf,f_lr,0.328477,0.454131,-0.125653,0.0,6.1e-05,True,-7.8093,-10.7846,-6.5483,large,595,8.4e-05
b_pca20_rf,f_lgbm,0.328477,0.455375,-0.126897,0.0,6.1e-05,True,-8.455,-12.2438,-6.9346,large,595,8.4e-05
b_pca20_rf,e_xgb,0.328477,0.432861,-0.104384,0.0,6.1e-05,True,-8.6041,-11.4453,-7.5011,large,595,8.4e-05
b_pca20_rf,e_rf,0.328477,0.434155,-0.105678,0.0,6.1e-05,True,-8.5368,-11.2898,-7.5028,large,595,8.4e-05
b_pca20_rf,e_mlp,0.328477,0.422079,-0.093602,0.0,6.1e-05,True,-6.9564,-9.8505,-5.535,large,595,8.4e-05
b_pca20_rf,e_lr,0.328477,0.408232,-0.079754,0.0,6.1e-05,True,-5.0837,-7.9358,-3.9371,large,595,8.4e-05
b_pca20_rf,e_lgbm,0.328477,0.430156,-0.101679,0.0,6.1e-05,True,-8.6718,-11.4822,-7.4069,large,595,8.4e-05
b_pca20_xgb,f_lr,0.324421,0.454131,-0.12971,0.0,6.1e-05,True,-7.7748,-10.6521,-6.4959,large,595,8.4e-05
b_pca20_xgb,f_lgbm,0.324421,0.455375,-0.130954,0.0,6.1e-05,True,-8.3715,-12.1954,-6.8188,large,595,8.4e-05
b_pca20_xgb,e_xgb,0.324421,0.432861,-0.108441,0.0,6.1e-05,True,-8.4008,-11.4036,-7.1783,large,595,8.4e-05
b_pca20_xgb,e_rf,0.324421,0.434155,-0.109735,0.0,6.1e-05,True,-8.3505,-11.083,-7.167,large,595,8.4e-05
b_pca20_xgb,e_mlp,0.324421,0.422079,-0.097659,0.0,6.1e-05,True,-6.897,-9.9355,-5.4976,large,595,8.4e-05
b_pca20_xgb,e_lr,0.324421,0.408232,-0.083811,0.0,6.1e-05,True,-5.143,-7.8483,-3.9839,large,595,8.4e-05
b_pca20_xgb,e_lgbm,0.324421,0.430156,-0.105736,0.0,6.1e-05,True,-8.4407,-11.3503,-7.0047,large,595,8.4e-05
b_pca20_xgb,d_xgb,0.324421,0.430943,-0.106522,0.0,6.1e-05,True,-7.9559,-11.1452,-6.7171,large,595,8.4e-05
b_pca20_xgb,d_rf,0.324421,0.425527,-0.101106,0.0,6.1e-05,True,-8.3181,-12.1754,-6.7033,large,595,8.4e-05
b_pca20_xgb,d_mlp,0.324421,0.428092,-0.103672,0.0,6.1e-05,True,-7.4663,-11.6525,-5.7755,large,595,8.4e-05
b_pca20_xgb,d_lr,0.324421,0.418466,-0.094045,0.0,6.1e-05,True,-6.7619,-9.6313,-5.5564,large,595,8.4e-05
b_pca20_xgb,d_lgbm,0.324421,0.430483,-0.106063,0.0,6.1e-05,True,-7.9215,-11.4426,-6.554,large,595,8.4e-05
b_pca20_xgb,c_xgb,0.324421,0.472805,-0.148385,0.0,6.1e-05,True,-11.8449,-16.0617,-10.1518,large,595,8.4e-05
b_pca20_xgb,c_rf,0.324421,0.469832,-0.145411,0.0,6.1e-05,True,-11.2768,-15.2481,-9.673,large,595,8.4e-05
b_pca20_xgb,c_mlp,0.324421,0.445802,-0.121382,0.0,6.1e-05,True,-9.7094,-13.5012,-8.1959,large,595,8.4e-05
b_pca20_xgb,c_lr,0.324421,0.449611,-0.12519,0.0,6.1e-05,True,-9.4644,-13.0732,-7.9362,large,595,8.4e-05
b_pca90_lgbm,f_lr,0.425664,0.454131,-0.028467,0.0,6.1e-05,True,-1.6882,-2.6848,-1.0343,large,595,8.4e-05
b_pca90_lgbm,f_lgbm,0.425664,0.455375,-0.029711,0.0,6.1e-05,True,-1.8765,-3.0035,-1.2026,large,595,8.4e-05
b_pca90_lgbm,c_xgb,0.425664,0.472805,-0.047141,0.0,6.1e-05,True,-3.6932,-4.9629,-3.0444,large,595,8.4e-05
b_pca90_lgbm,c_rf,0.425664,0.469832,-0.044168,0.0,6.1e-05,True,-3.3652,-4.4747,-2.757,large,595,8.4e-05
b_pca90_lgbm,c_mlp,0.425664,0.445802,-0.020138,0.0,6.1e-05,True,-1.5808,-2.5348,-0.9455,large,595,8.4e-05
b_pca90_lgbm,c_lr,0.425664,0.449611,-0.023946,0.0,6.1e-05,True,-1.7801,-2.7429,-1.1451,large,595,8.4e-05
b_pca90_lgbm,c_lgbm,0.425664,0.469593,-0.043929,0.0,6.1e-05,True,-3.3856,-4.5859,-2.7753,large,595,8.4e-05
b_pca20_xgb,f_xgb,0.324421,0.45718,-0.13276,0.0,6.1e-05,True,-8.8922,-12.0549,-7.506,large,595,8.4e-05
b_pca20_xgb,f_rf,0.324421,0.455819,-0.131398,0.0,6.1e-05,True,-8.2798,-11.7855,-6.8942,large,595,8.4e-05
b_pca20_xgb,f_mlp,0.324421,0.454323,-0.129903,0.0,6.1e-05,True,-8.1409,-11.0712,-6.8553,large,595,8.4e-05
d_xgb,f_rf,0.430943,0.455819,-0.024876,0.0,6.1e-05,True,-1.4769,-2.4427,-0.8303,large,595,8.4e-05
d_xgb,f_mlp,0.430943,0.454323,-0.02338,0.0,6.1e-05,True,-1.3814,-2.4343,-0.763,large,595,8.4e-05
d_lgbm,e_lr,0.430483,0.408232,0.022252,0.0,6.1e-05,True,1.2903,0.6904,2.257,large,595,8.4e-05
d_lgbm,d_lr,0.430483,0.418466,0.012018,0.0,6.1e-05,True,0.8007,0.1539,1.6895,large,595,8.4e-05
c_xgb,f_xgb,0.472805,0.45718,0.015625,0.0,6.1e-05,True,1.0249,0.3841,1.9962,large,595,8.4e-05
c_xgb,f_rf,0.472805,0.455819,0.016986,0.0,6.1e-05,True,1.0507,0.4023,2.0595,large,595,8.4e-05
c_xgb,f_mlp,0.472805,0.454323,0.018482,0.0,6.1e-05,True,1.1372,0.5141,2.0823,large,595,8.4e-05
c_xgb,f_lr,0.472805,0.454131,0.018674,0.0,6.1e-05,True,1.1007,0.4633,2.1025,large,595,8.4e-05
c_xgb,f_lgbm,0.472805,0.455375,0.01743,0.0,6.1e-05,True,1.0932,0.4789,2.0196,large,595,8.4e-05
c_xgb,e_xgb,0.472805,0.432861,0.039944,0.0,6.1e-05,True,3.0098,2.4267,4.0787,large,595,8.4e-05
c_xgb,e_rf,0.472805,0.434155,0.03865,0.0,6.1e-05,True,2.8635,2.2457,3.9674,large,595,8.4e-05
c_xgb,e_mlp,0.472805,0.422079,0.050726,0.0,6.1e-05,True,3.5005,2.8156,4.9384,large,595,8.4e-05
c_xgb,e_lr,0.472805,0.408232,0.064573,0.0,6.1e-05,True,3.8935,3.1274,5.5946,large,595,8.4e-05
c_xgb,e_lgbm,0.472805,0.430156,0.042649,0.0,6.1e-05,True,3.306,2.6889,4.5366,large,595,8.4e-05
d_rf,f_mlp,0.425527,0.454323,-0.028797,0.0,6.1e-05,True,-1.8036,-2.8343,-1.2034,large,595,8.4e-05
d_rf,f_lr,0.425527,0.454131,-0.028604,0.0,6.1e-05,True,-1.7136,-2.7033,-1.0922,large,595,8.4e-05
d_rf,f_lgbm,0.425527,0.455375,-0.029848,0.0,6.1e-05,True,-1.9069,-2.9975,-1.2269,large,595,8.4e-05
d_mlp,f_xgb,0.428092,0.45718,-0.029088,0.0,6.1e-05,True,-1.7759,-2.8183,-1.2041,large,595,8.4e-05
d_mlp,f_rf,0.428092,0.455819,-0.027727,0.0,6.1e-05,True,-1.6083,-2.5364,-1.0183,large,595,8.4e-05
d_mlp,f_mlp,0.428092,0.454323,-0.026231,0.0,6.1e-05,True,-1.5145,-2.5515,-0.917,large,595,8.4e-05
d_mlp,f_lgbm,0.428092,0.455375,-0.027283,0.0,6.1e-05,True,-1.6019,-2.6534,-0.9802,large,595,8.4e-05
b_pca90_lgbm,f_xgb,0.425664,0.45718,-0.031516,0.0,6.1e-05,True,-2.0831,-3.121,-1.4794,large,595,8.4e-05
b_pca90_lgbm,f_rf,0.425664,0.455819,-0.030155,0.0,6.1e-05,True,-1.8779,-2.8676,-1.2388,large,595,8.4e-05
b_pca90_lgbm,f_mlp,0.425664,0.454323,-0.028659,0.0,6.1e-05,True,-1.7753,-2.8437,-1.1339,large,595,8.4e-05
b_pca90_lr,f_lr,0.413471,0.454131,-0.040659,0.0,6.1e-05,True,-2.3113,-3.3787,-1.6977,large,595,8.4e-05
b_pca90_lr,f_lgbm,0.413471,0.455375,-0.041904,0.0,6.1e-05,True,-2.5231,-3.7073,-1.8205,large,595,8.4e-05
b_pca90_lr,c_xgb,0.413471,0.472805,-0.059334,0.0,6.1e-05,True,-4.3268,-5.691,-3.6802,large,595,8.4e-05
b_pca90_lr,c_rf,0.413471,0.469832,-0.056361,0.0,6.1e-05,True,-4.0116,-5.3594,-3.4283,large,595,8.4e-05
b_pca90_lr,c_mlp,0.413471,0.445802,-0.032331,0.0,6.1e-05,True,-2.3617,-3.4365,-1.7648,large,595,8.4e-05
b_pca90_lr,c_lr,0.413471,0.449611,-0.036139,0.0,6.1e-05,True,-2.5175,-3.5473,-1.9261,large,595,8.4e-05
b_pca90_lr,c_lgbm,0.413471,0.469593,-0.056122,0.0,6.1e-05,True,-4.0348,-5.4054,-3.4248,large,595,8.4e-05
b_pca90_mlp,f_xgb,0.422098,0.45718,-0.035082,0.0,6.1e-05,True,-1.8821,-2.797,-1.3201,large,595,8.4e-05
b_pca90_mlp,f_rf,0.422098,0.455819,-0.03372,0.0,6.1e-05,True,-1.7381,-2.63,-1.1531,large,595,8.4e-05
b_pca90_mlp,f_mlp,0.422098,0.454323,-0.032225,0.0,6.1e-05,True,-1.6549,-2.5566,-1.0497,large,595,8.4e-05
b_pca90_mlp,f_lr,0.422098,0.454131,-0.032032,0.0,6.1e-05,True,-1.5959,-2.4717,-0.9905,large,595,8.4e-05
b_pca90_mlp,f_lgbm,0.422098,0.455375,-0.033277,0.0,6.1e-05,True,-1.7317,-2.6933,-1.1195,large,595,8.4e-05
b_pca90_mlp,c_xgb,0.422098,0.472805,-0.050707,0.0,6.1e-05,True,-3.0223,-4.2535,-2.4581,large,595,8.4e-05
b_pca90_mlp,c_rf,0.422098,0.469832,-0.047734,0.0,6.1e-05,True,-2.799,-3.924,-2.2402,large,595,8.4e-05
b_pca90_mlp,c_mlp,0.422098,0.445802,-0.023704,0.0,6.1e-05,True,-1.4145,-2.2919,-0.8311,large,595,8.4e-05
b_pca90_mlp,c_lr,0.422098,0.449611,-0.027512,0.0,6.1e-05,True,-1.5897,-2.4518,-1.0287,large,595,8.4e-05
b_pca90_mlp,c_lgbm,0.422098,0.469593,-0.047495,0.0,6.1e-05,True,-2.804,-3.9621,-2.2732,large,595,8.4e-05
b_pca90_lr,f_xgb,0.413471,0.45718,-0.043709,0.0,6.1e-05,True,-2.7424,-3.7593,-2.126,large,595,8.4e-05
b_pca90_lr,f_rf,0.413471,0.455819,-0.042348,0.0,6.1e-05,True,-2.5175,-3.5692,-1.8841,large,595,8.4e-05
b_pca90_lr,f_mlp,0.413471,0.454323,-0.040852,0.0,6.1e-05,True,-2.4168,-3.4732,-1.7671,large,595,8.4e-05
c_xgb,d_xgb,0.472805,0.430943,0.041862,0.0,6.1e-05,True,3.0469,2.352,4.4532,large,595,8.4e-05
c_xgb,d_rf,0.472805,0.425527,0.047278,0.0,6.1e-05,True,3.7703,3.1589,5.0563,large,595,8.4e-05
c_xgb,d_mlp,0.472805,0.428092,0.044713,0.0,6.1e-05,True,3.1437,2.4963,4.5452,large,595,8.4e-05
c_xgb,d_lr,0.472805,0.418466,0.054339,0.0,6.1e-05,True,3.8145,3.043,5.4672,large,595,8.4e-05
c_xgb,d_lgbm,0.472805,0.430483,0.042322,0.0,6.1e-05,True,3.0803,2.2862,4.6113,large,595,8.4e-05
c_rf,f_rf,0.469832,0.455819,0.014013,0.0,6.1e-05,True,0.8517,0.1981,1.7559,large,595,8.4e-05
c_rf,f_mlp,0.469832,0.454323,0.015509,0.0,6.1e-05,True,0.9378,0.2946,1.7837,large,595,8.4e-05
c_rf,f_lr,0.469832,0.454131,0.015701,0.0,6.1e-05,True,0.9108,0.2703,1.8303,large,595,8.4e-05
c_rf,e_xgb,0.469832,0.432861,0.036971,0.0,6.1e-05,True,2.7147,2.1547,3.7035,large,595,8.4e-05
c_rf,e_rf,0.469832,0.434155,0.035677,0.0,6.1e-05,True,2.5779,1.9638,3.5564,large,595,8.4e-05
c_rf,e_mlp,0.469832,0.422079,0.047753,0.0,6.1e-05,True,3.2244,2.5761,4.4796,large,595,8.4e-05
c_rf,e_lr,0.469832,0.408232,0.0616,0.0,6.1e-05,True,3.6527,2.9353,5.1573,large,595,8.4e-05
c_rf,e_lgbm,0.469832,0.430156,0.039676,0.0,6.1e-05,True,2.9927,2.4094,4.0951,large,595,8.4e-05
c_rf,d_xgb,0.469832,0.430943,0.038889,0.0,6.1e-05,True,2.763,2.1148,4.0148,large,595,8.4e-05
d_lr,f_rf,0.418466,0.455819,-0.037353,0.0,6.1e-05,True,-2.1644,-3.341,-1.5338,large,595,8.4e-05
d_lr,f_mlp,0.418466,0.454323,-0.035858,0.0,6.1e-05,True,-2.0681,-3.2859,-1.4403,large,595,8.4e-05
d_lr,f_lr,0.418466,0.454131,-0.035665,0.0,6.1e-05,True,-1.9804,-3.1457,-1.3417,large,595,8.4e-05
d_lr,f_lgbm,0.418466,0.455375,-0.036909,0.0,6.1e-05,True,-2.1648,-3.4992,-1.4723,large,595,8.4e-05
d_lr,e_xgb,0.418466,0.432861,-0.014396,0.0,6.1e-05,True,-0.9873,-1.9471,-0.3292,large,595,8.4e-05
d_lr,d_xgb,0.418466,0.430943,-0.012477,0.0,6.1e-05,True,-0.8313,-1.6506,-0.2091,large,595,8.4e-05
b_pca90_rf,c_xgb,0.422365,0.472805,-0.05044,0.0,6.1e-05,True,-3.9284,-5.2735,-3.3266,large,595,8.4e-05
b_pca90_rf,c_rf,0.422365,0.469832,-0.047467,0.0,6.1e-05,True,-3.5963,-4.8093,-3.005,large,595,8.4e-05
b_pca90_rf,c_mlp,0.422365,0.445802,-0.023437,0.0,6.1e-05,True,-1.8289,-2.8127,-1.2101,large,595,8.4e-05
b_pca90_rf,c_lr,0.422365,0.449611,-0.027246,0.0,6.1e-05,True,-2.0146,-2.989,-1.44,large,595,8.4e-05
b_pca90_rf,c_lgbm,0.422365,0.469593,-0.047228,0.0,6.1e-05,True,-3.6191,-4.8669,-3.0365,large,595,8.4e-05
b_pca90_xgb,c_mlp,0.426388,0.445802,-0.019414,0.0,6.1e-05,True,-1.5572,-2.4624,-0.9272,large,595,8.4e-05
b_pca90_xgb,c_lr,0.426388,0.449611,-0.023222,0.0,6.1e-05,True,-1.7599,-2.6305,-1.1927,large,595,8.4e-05
b_pca90_xgb,c_lgbm,0.426388,0.469593,-0.043205,0.0,6.1e-05,True,-3.3997,-4.4853,-2.8751,large,595,8.4e-05
b_pca90_rf,f_xgb,0.422365,0.45718,-0.034815,0.0,6.1e-05,True,-2.2915,-3.3319,-1.6871,large,595,8.4e-05
b_pca90_rf,f_rf,0.422365,0.455819,-0.033454,0.0,6.1e-05,True,-2.0756,-3.1219,-1.4528,large,595,8.4e-05
b_pca90_rf,f_mlp,0.422365,0.454323,-0.031958,0.0,6.1e-05,True,-1.9723,-3.0226,-1.3318,large,595,8.4e-05
b_pca90_rf,f_lr,0.422365,0.454131,-0.031766,0.0,6.1e-05,True,-1.8775,-2.9034,-1.2462,large,595,8.4e-05
b_pca90_rf,f_lgbm,0.422365,0.455375,-0.03301,0.0,6.1e-05,True,-2.0768,-3.2437,-1.3877,large,595,8.4e-05
d_mlp,e_lr,0.428092,0.408232,0.01986,0.0,6.1e-05,True,1.1263,0.454,2.1827,large,595,8.4e-05
d_lr,f_xgb,0.418466,0.45718,-0.038715,0.0,6.1e-05,True,-2.3609,-3.6336,-1.724,large,595,8.4e-05
c_lgbm,d_mlp,0.469593,0.428092,0.041501,0.0,6.1e-05,True,2.8795,2.2829,4.2038,large,595,8.4e-05
c_lgbm,d_lr,0.469593,0.418466,0.051127,0.0,6.1e-05,True,3.542,2.8179,5.1177,large,595,8.4e-05
c_lgbm,d_lgbm,0.469593,0.430483,0.03911,0.0,6.1e-05,True,2.8065,2.0579,4.1974,large,595,8.4e-05
c_lgbm,c_mlp,0.469593,0.445802,0.023791,0.0,6.1e-05,True,1.8182,1.2551,2.6923,large,595,8.4e-05
c_lgbm,c_lr,0.469593,0.449611,0.019983,0.0,6.1e-05,True,1.4501,0.8332,2.3858,large,595,8.4e-05
b_pca90_xgb,f_xgb,0.426388,0.45718,-0.030792,0.0,6.1e-05,True,-2.0664,-3.0436,-1.4602,large,595,8.4e-05
b_pca90_xgb,f_rf,0.426388,0.455819,-0.029431,0.0,6.1e-05,True,-1.8577,-2.8026,-1.2253,large,595,8.4e-05
b_pca90_xgb,f_mlp,0.426388,0.454323,-0.027935,0.0,6.1e-05,True,-1.7536,-2.7522,-1.1222,large,595,8.4e-05
b_pca90_xgb,f_lr,0.426388,0.454131,-0.027742,0.0,6.1e-05,True,-1.6654,-2.6168,-1.0267,large,595,8.4e-05
b_pca90_xgb,f_lgbm,0.426388,0.455375,-0.028987,0.0,6.1e-05,True,-1.8563,-2.9168,-1.1692,large,595,8.4e-05
b_pca90_xgb,c_xgb,0.426388,0.472805,-0.046417,0.0,6.1e-05,True,-3.7154,-4.9093,-3.1627,large,595,8.4e-05
b_pca90_xgb,c_rf,0.426388,0.469832,-0.043444,0.0,6.1e-05,True,-3.3778,-4.4266,-2.8384,large,595,8.4e-05
c_rf,d_rf,0.469832,0.425527,0.044305,0.0,6.1e-05,True,3.4327,2.9054,4.531,large,595,8.4e-05
c_rf,d_mlp,0.469832,0.428092,0.04174,0.0,6.1e-05,True,2.8691,2.2742,4.1307,large,595,8.4e-05
c_rf,d_lr,0.469832,0.418466,0.051366,0.0,6.1e-05,True,3.5256,2.7896,5.0274,large,595,8.4e-05
c_rf,d_lgbm,0.469832,0.430483,0.039349,0.0,6.1e-05,True,2.7956,2.0682,4.1459,large,595,8.4e-05
c_rf,c_xgb,0.469832,0.472805,-0.002973,0.0,6.1e-05,True,-0.2243,-1.0376,0.4721,small,595,8.4e-05
c_mlp,e_lr,0.445802,0.408232,0.037571,0.0,6.1e-05,True,2.268,1.6377,3.5019,large,595,8.4e-05
c_lr,d_lr,0.449611,0.418466,0.031145,0.0,6.1e-05,True,2.0952,1.4423,3.3564,large,595,8.4e-05
c_lr,d_lgbm,0.449611,0.430483,0.019127,0.0,6.1e-05,True,1.3301,0.6875,2.4798,large,595,8.4e-05
c_lr,c_xgb,0.449611,0.472805,-0.023195,0.0,6.1e-05,True,-1.7078,-2.7315,-1.0852,large,595,8.4e-05
c_lr,c_rf,0.449611,0.469832,-0.020221,0.0,6.1e-05,True,-1.4526,-2.424,-0.837,large,595,8.4e-05
c_lgbm,e_xgb,0.469593,0.432861,0.036732,0.0,6.1e-05,True,2.7261,2.1588,3.7957,large,595,8.4e-05
c_lgbm,e_rf,0.469593,0.434155,0.035438,0.0,6.1e-05,True,2.5872,1.9752,3.6166,large,595,8.4e-05
c_lgbm,e_mlp,0.469593,0.422079,0.047514,0.0,6.1e-05,True,3.2373,2.5781,4.5489,large,595,8.4e-05
c_lgbm,e_lr,0.469593,0.408232,0.061361,0.0,6.1e-05,True,3.6638,2.9435,5.1656,large,595,8.4e-05
c_lgbm,e_lgbm,0.469593,0.430156,0.039437,0.0,6.1e-05,True,3.0084,2.3988,4.1757,large,595,8.4e-05
c_lgbm,d_xgb,0.469593,0.430943,0.03865,0.0,6.1e-05,True,2.7736,2.1138,4.0698,large,595,8.4e-05
c_lgbm,d_rf,0.469593,0.425527,0.044066,0.0,6.1e-05,True,3.4551,2.8835,4.7047,large,595,8.4e-05
c_mlp,d_rf,0.445802,0.425527,0.020276,0.0,6.1e-05,True,1.6203,1.0417,2.621,large,595,8.4e-05
c_mlp,d_mlp,0.445802,0.428092,0.01771,0.0,6.1e-05,True,1.2472,0.6875,2.2154,large,595,8.4e-05
c_mlp,d_lr,0.445802,0.418466,0.027337,0.0,6.1e-05,True,1.922,1.2627,3.2108,large,595,8.4e-05
c_mlp,c_xgb,0.445802,0.472805,-0.027003,0.0,6.1e-05,True,-2.0972,-3.0404,-1.5146,large,595,8.4e-05
c_mlp,c_rf,0.445802,0.469832,-0.02403,0.0,6.1e-05,True,-1.8158,-2.6587,-1.2534,large,595,8.4e-05
c_lr,e_xgb,0.449611,0.432861,0.016749,0.0,6.1e-05,True,1.202,0.5776,2.0772,large,595,8.4e-05
c_lr,e_rf,0.449611,0.434155,0.015455,0.0,6.1e-05,True,1.0923,0.4902,1.9499,large,595,8.4e-05
c_lr,e_mlp,0.449611,0.422079,0.027531,0.0,6.1e-05,True,1.8232,1.2232,2.9193,large,595,8.4e-05
c_lr,e_lr,0.449611,0.408232,0.041379,0.0,6.1e-05,True,2.417,1.7907,3.6324,large,595,8.4e-05
c_lr,e_lgbm,0.449611,0.430156,0.019454,0.0,6.1e-05,True,1.4324,0.8287,2.3866,large,595,8.4e-05
c_lr,d_xgb,0.449611,0.430943,0.018668,0.0,6.1e-05,True,1.2981,0.6706,2.4174,large,595,8.4e-05
c_lr,d_rf,0.449611,0.425527,0.024084,0.0,6.1e-05,True,1.8191,1.2696,2.8458,large,595,8.4e-05
c_lr,d_mlp,0.449611,0.428092,0.021518,0.0,6.1e-05,True,1.4497,0.8728,2.4591,large,595,8.4e-05
e_rf,f_lgbm,0.434155,0.455375,-0.021219,0.0,6.1e-05,True,-1.2915,-2.2001,-0.6439,large,595,8.4e-05
e_mlp,f_xgb,0.422079,0.45718,-0.035101,0.0,6.1e-05,True,-2.113,-3.2379,-1.5189,large,595,8.4e-05
e_mlp,f_rf,0.422079,0.455819,-0.03374,0.0,6.1e-05,True,-1.9322,-2.9804,-1.3415,large,595,8.4e-05
e_mlp,f_mlp,0.422079,0.454323,-0.032244,0.0,6.1e-05,True,-1.8383,-2.9612,-1.2401,large,595,8.4e-05
e_mlp,f_lr,0.422079,0.454131,-0.032052,0.0,6.1e-05,True,-1.7607,-2.8214,-1.1334,large,595,8.4e-05
e_mlp,f_lgbm,0.422079,0.455375,-0.033296,0.0,6.1e-05,True,-1.9296,-3.0587,-1.2929,large,595,8.4e-05
a_lgbm,d_rf,0.470317,0.425527,0.04479,0.0,6.1e-05,True,3.2773,2.7018,4.5541,large,595,8.4e-05
a_lgbm,d_mlp,0.470317,0.428092,0.042224,0.0,6.1e-05,True,2.7731,2.1806,4.0849,large,595,8.4e-05
a_lgbm,d_lr,0.470317,0.418466,0.051851,0.0,6.1e-05,True,3.4007,2.6817,4.9197,large,595,8.4e-05
a_lgbm,f_xgb,0.470317,0.45718,0.013136,1.0,0.000122,False,0.8117,0.1628,1.7562,large,595,8.4e-05
a_lgbm,f_lr,0.470317,0.454131,0.016186,1.0,0.000122,False,0.9086,0.2474,1.8473,large,595,8.4e-05
a_mlp,d_rf,0.449193,0.425527,0.023666,1.0,0.000122,False,1.8347,1.2947,2.8303,large,595,8.4e-05
a_mlp,d_mlp,0.449193,0.428092,0.021101,1.0,0.000122,False,1.4511,0.8955,2.4181,large,595,8.4e-05
a_mlp,d_lr,0.449193,0.418466,0.030727,1.0,0.000122,False,2.1099,1.4554,3.4374,large,595,8.4e-05
a_mlp,e_mlp,0.449193,0.422079,0.027114,1.0,0.000122,False,1.8316,1.258,2.8919,large,595,8.4e-05
a_rf,f_lgbm,0.467784,0.455375,0.012409,1.0,0.000122,False,0.7599,0.1034,1.666,medium,595,8.4e-05
a_rf,f_xgb,0.467784,0.45718,0.010604,1.0,0.000122,False,0.6776,0.0083,1.5999,medium,595,8.4e-05
a_xgb,f_rf,0.467933,0.455819,0.012114,1.0,0.000122,False,0.7181,0.0681,1.6586,medium,595,8.4e-05
a_xgb,f_lgbm,0.467933,0.455375,0.012558,1.0,0.000122,False,0.7539,0.1127,1.6557,medium,595,8.4e-05
e_lr,e_mlp,0.408232,0.422079,-0.013847,1.0,0.000122,False,-0.7758,-1.613,-0.1353,medium,595,8.4e-05
e_lgbm,f_rf,0.430156,0.455819,-0.025662,1.0,0.000122,False,-1.5874,-2.4881,-0.9644,large,595,8.4e-05
e_lgbm,f_mlp,0.430156,0.454323,-0.024167,1.0,0.000122,False,-1.4871,-2.4956,-0.832,large,595,8.4e-05
c_lgbm,f_lgbm,0.469593,0.455375,0.014218,1.0,0.000122,False,0.8824,0.2551,1.7214,large,595,8.4e-05
d_mlp,f_lr,0.428092,0.454131,-0.026038,1.0,0.000122,False,-1.4472,-2.3984,-0.815,large,595,8.4e-05
d_rf,e_lr,0.425527,0.408232,0.017295,1.0,0.000122,False,1.0607,0.4457,2.0572,large,595,8.4e-05
d_lr,e_rf,0.418466,0.434155,-0.01569,1.0,0.000122,False,-1.061,-1.9967,-0.4107,large,595,8.4e-05
b_pca90_lr,b_pca90_xgb,0.413471,0.426388,-0.012917,1.0,0.000122,False,-0.969,-1.8371,-0.3274,large,595,8.4e-05
c_mlp,e_mlp,0.445802,0.422079,0.023723,1.0,0.000122,False,1.6396,1.0396,2.7602,large,595,8.4e-05
c_lgbm,f_mlp,0.469593,0.454323,0.01527,1.0,0.000122,False,0.9301,0.3019,1.8028,large,595,8.4e-05
e_xgb,f_lgbm,0.432861,0.455375,-0.022513,1.0,0.000122,False,-1.3859,-2.3271,-0.7223,large,595,8.4e-05
e_mlp,e_rf,0.422079,0.434155,-0.012076,2.0,0.000183,False,-0.8038,-1.6398,-0.1667,large,595,8.4e-05
e_xgb,f_mlp,0.432861,0.454323,-0.021462,2.0,0.000183,False,-1.297,-2.2303,-0.6512,large,595,8.4e-05
e_mlp,e_xgb,0.422079,0.432861,-0.010782,2.0,0.000183,False,-0.7275,-1.5775,-0.0812,medium,595,8.4e-05
c_lgbm,f_rf,0.469593,0.455819,0.013774,2.0,0.000183,False,0.8433,0.2015,1.7733,large,595,8.4e-05
c_lgbm,f_lr,0.469593,0.454131,0.015462,2.0,0.000183,False,0.9029,0.2607,1.8103,large,595,8.4e-05
c_rf,f_lgbm,0.469832,0.455375,0.014457,2.0,0.000183,False,0.8906,0.2495,1.7319,large,595,8.4e-05
c_rf,f_xgb,0.469832,0.45718,0.012652,2.0,0.000183,False,0.8137,0.1486,1.6891,large,595,8.4e-05
e_lgbm,f_lgbm,0.430156,0.455375,-0.025219,2.0,0.000183,False,-1.5818,-2.5797,-0.9046,large,595,8.4e-05
a_rf,f_mlp,0.467784,0.454323,0.013461,2.0,0.000183,False,0.8093,0.1683,1.7052,large,595,8.4e-05
a_mlp,e_lgbm,0.449193,0.430156,0.019037,2.0,0.000183,False,1.4367,0.8498,2.3701,large,595,8.4e-05
a_mlp,d_lgbm,0.449193,0.430483,0.01871,2.0,0.000183,False,1.3299,0.6628,2.4504,large,595,8.4e-05
a_lgbm,f_mlp,0.470317,0.454323,0.015993,2.0,0.000183,False,0.9333,0.2916,1.8456,large,595,8.4e-05
a_rf,f_lr,0.467784,0.454131,0.013654,2.0,0.000183,False,0.7879,0.1301,1.7083,medium,595,8.4e-05
b_pca90_rf,b_pca90_xgb,0.422365,0.426388,-0.004023,3.0,0.000305,False,-0.3237,-1.0785,0.3616,small,595,8.4e-05
b_pca90_lr,e_rf,0.413471,0.434155,-0.020684,3.0,0.000305,False,-1.4489,-2.2395,-0.8698,large,595,8.4e-05
e_rf,f_mlp,0.434155,0.454323,-0.020168,3.0,0.000305,False,-1.2055,-2.095,-0.5646,large,595,8.4e-05
d_lr,d_mlp,0.418466,0.428092,-0.009627,3.0,0.000305,False,-0.6229,-1.523,0.0141,medium,595,8.4e-05
e_lgbm,f_lr,0.430156,0.454131,-0.023974,3.0,0.000305,False,-1.4131,-2.3689,-0.7508,large,595,8.4e-05
c_lgbm,f_xgb,0.469593,0.45718,0.012413,3.0,0.000305,False,0.8049,0.1501,1.6782,large,595,8.4e-05
d_lgbm,e_mlp,0.430483,0.422079,0.008404,3.0,0.000305,False,0.5514,-0.1078,1.3451,medium,595,8.4e-05
c_mlp,e_lgbm,0.445802,0.430156,0.015646,3.0,0.000305,False,1.2152,0.5937,2.1426,large,595,8.4e-05
a_mlp,d_xgb,0.449193,0.430943,0.01825,3.0,0.000305,False,1.2972,0.6767,2.3647,large,595,8.4e-05
a_xgb,f_mlp,0.467933,0.454323,0.01361,4.0,0.000427,False,0.8028,0.1588,1.6898,large,595,8.4e-05
a_xgb,f_lr,0.467933,0.454131,0.013802,4.0,0.000427,False,0.7825,0.126,1.6974,medium,595,8.4e-05
a_xgb,f_xgb,0.467933,0.45718,0.010753,4.0,0.000427,False,0.6725,-0.0039,1.5905,medium,595,8.4e-05
c_mlp,d_xgb,0.445802,0.430943,0.014859,4.0,0.000427,False,1.0834,0.4355,2.1587,large,595,8.4e-05
b_pca90_lgbm,b_pca90_lr,0.425664,0.413471,0.012193,4.0,0.000427,False,0.8975,0.2692,1.7305,large,595,8.4e-05
a_xgb,c_xgb,0.467933,0.472805,-0.004872,4.0,0.000427,False,-0.3537,-1.1062,0.3019,small,595,8.4e-05
e_xgb,f_lr,0.432861,0.454131,-0.021269,4.0,0.000427,False,-1.2331,-2.1391,-0.5903,large,595,8.4e-05
e_rf,f_lr,0.434155,0.454131,-0.019975,5.0,0.00061,False,-1.1464,-1.9904,-0.4843,large,595,8.4e-05
b_pca20_mlp,b_pca20_xgb,0.316525,0.324421,-0.007895,5.0,0.00061,False,-0.6833,-1.5395,0.0477,medium,595,8.4e-05
a_mlp,e_rf,0.449193,0.434155,0.015038,5.0,0.00061,False,1.0871,0.4779,1.9456,large,595,8.4e-05
d_xgb,e_mlp,0.430943,0.422079,0.008864,5.0,0.00061,False,0.5815,-0.0761,1.3311,medium,595,8.4e-05
b_pca90_lr,d_lgbm,0.413471,0.430483,-0.017012,6.0,0.000854,False,-1.1729,-1.8956,-0.5562,large,595,8.4e-05
b_pca90_lr,d_xgb,0.413471,0.430943,-0.017472,6.0,0.000854,False,-1.2046,-1.931,-0.572,large,595,8.4e-05
c_mlp,d_lgbm,0.445802,0.430483,0.015319,6.0,0.000854,False,1.1169,0.4507,2.2586,large,595,8.4e-05
b_pca90_xgb,e_lr,0.426388,0.408232,0.018156,6.0,0.000854,False,1.1159,0.4957,2.0747,large,595,8.4e-05
b_pca90_lr,d_rf,0.413471,0.425527,-0.012056,6.0,0.000854,False,-0.9014,-1.7447,-0.2235,large,595,8.4e-05
e_lgbm,e_mlp,0.430156,0.422079,0.008077,6.0,0.000854,False,0.5574,-0.1096,1.3438,medium,595,8.4e-05
b_pca90_lr,e_xgb,0.413471,0.432861,-0.01939,7.0,0.00116,False,-1.3789,-2.2204,-0.7691,large,595,8.4e-05
b_pca90_lgbm,e_lr,0.425664,0.408232,0.017432,7.0,0.00116,False,1.0578,0.4243,1.9835,large,595,8.4e-05
b_pca90_lr,b_pca90_rf,0.413471,0.422365,-0.008894,7.0,0.00116,False,-0.6513,-1.4226,0.035,medium,595,8.4e-05
a_mlp,e_xgb,0.449193,0.432861,0.016332,7.0,0.00116,False,1.1998,0.6006,2.0478,large,595,8.4e-05
b_pca90_lgbm,b_pca90_rf,0.425664,0.422365,0.003299,7.0,0.00116,False,0.2597,-0.3889,1.0277,small,595,8.4e-05
b_pca20_lgbm,b_pca20_mlp,0.325282,0.316525,0.008757,8.0,0.001526,False,0.8056,0.0871,1.7934,large,595,8.4e-05
d_lr,e_lgbm,0.418466,0.430156,-0.011691,5.0,0.001782,False,-0.8207,-1.7145,-0.1791,large,595,8.4e-05
b_pca20_mlp,b_pca20_rf,0.316525,0.328477,-0.011952,9.0,0.002014,False,-1.1191,-2.0809,-0.3829,large,595,8.4e-05
b_pca90_lr,d_mlp,0.413471,0.428092,-0.014621,9.0,0.002014,False,-0.9771,-1.8696,-0.3383,large,595,8.4e-05
c_mlp,e_xgb,0.445802,0.432861,0.012941,9.0,0.002014,False,0.9769,0.3432,1.8305,large,595,8.4e-05
c_lgbm,c_xgb,0.469593,0.472805,-0.003212,9.0,0.002014,False,-0.245,-1.0197,0.4389,small,595,8.4e-05
d_rf,e_rf,0.425527,0.434155,-0.008629,10.0,0.002625,False,-0.656,-1.3677,0.051,medium,595,8.4e-05
c_mlp,f_xgb,0.445802,0.45718,-0.011378,10.0,0.002625,False,-0.7474,-1.5313,-0.0516,medium,595,8.4e-05
d_mlp,e_mlp,0.428092,0.422079,0.006013,10.0,0.002625,False,0.3835,-0.2762,1.244,small,595,8.4e-05
b_pca90_lr,b_pca90_mlp,0.413471,0.422098,-0.008627,10.0,0.002625,False,-0.4955,-1.4073,0.2031,small,595,8.4e-05
d_lgbm,d_rf,0.430483,0.425527,0.004957,11.0,0.003357,False,0.3699,-0.2707,1.0885,small,595,8.4e-05
d_rf,d_xgb,0.425527,0.430943,-0.005416,12.0,0.004272,False,-0.4042,-1.0249,0.3398,small,595,8.4e-05
b_pca90_lr,e_lgbm,0.413471,0.430156,-0.016685,12.0,0.004272,False,-1.2168,-2.0114,-0.5697,large,595,8.4e-05
c_mlp,e_rf,0.445802,0.434155,0.011647,13.0,0.005371,False,0.8644,0.2215,1.7104,large,595,8.4e-05
b_pca90_rf,e_lr,0.422365,0.408232,0.014133,13.0,0.005371,False,0.8546,0.2279,1.7267,large,595,8.4e-05
b_pca90_rf,d_lgbm,0.422365,0.430483,-0.008118,13.0,0.005371,False,-0.5933,-1.283,0.1263,medium,595,8.4e-05
b_pca90_rf,d_xgb,0.422365,0.430943,-0.008578,13.0,0.005371,False,-0.6269,-1.3354,0.065,medium,595,8.4e-05
b_pca90_rf,e_rf,0.422365,0.434155,-0.01179,14.0,0.006714,False,-0.8773,-1.673,-0.2239,large,595,8.4e-05
d_rf,e_xgb,0.425527,0.432861,-0.007335,15.0,0.008362,False,-0.5677,-1.3208,0.1129,medium,595,8.4e-05
b_pca90_rf,e_xgb,0.422365,0.432861,-0.010496,16.0,0.010254,False,-0.7945,-1.6269,-0.1341,medium,595,8.4e-05
c_lr,f_xgb,0.449611,0.45718,-0.00757,16.0,0.010254,False,-0.4783,-1.2233,0.2521,small,595,8.4e-05
d_lr,d_rf,0.418466,0.425527,-0.007061,16.0,0.010254,False,-0.5073,-1.4302,0.1304,medium,595,8.4e-05
b_pca90_mlp,e_lr,0.422098,0.408232,0.013866,16.0,0.010254,False,0.702,0.0575,1.6545,medium,595,8.4e-05
a_lr,f_xgb,0.449662,0.45718,-0.007519,16.0,0.010254,False,-0.4713,-1.1827,0.2474,small,595,8.4e-05
c_mlp,f_rf,0.445802,0.455819,-0.010016,17.0,0.012451,False,-0.6204,-1.4072,0.0817,medium,595,8.4e-05
b_pca90_lgbm,d_lr,0.425664,0.418466,0.007198,17.0,0.012451,False,0.5097,-0.1299,1.4004,medium,595,8.4e-05
b_pca90_xgb,d_lr,0.426388,0.418466,0.007923,17.0,0.012451,False,0.5709,-0.0728,1.4742,medium,595,8.4e-05
a_lgbm,a_rf,0.470317,0.467784,0.002532,18.0,0.015076,False,0.1754,-0.5429,0.9306,negligible,595,8.4e-05
f_mlp,f_xgb,0.454323,0.45718,-0.002857,18.0,0.015076,False,-0.1572,-0.9215,0.5686,negligible,595,8.4e-05
c_mlp,f_lgbm,0.445802,0.455375,-0.009572,18.0,0.015076,False,-0.6012,-1.4477,0.0991,medium,595,8.4e-05
a_lgbm,c_xgb,0.470317,0.472805,-0.002489,20.0,0.021545,False,-0.1778,-0.9057,0.4821,negligible,595,8.4e-05
d_lr,e_lr,0.418466,0.408232,0.010234,20.0,0.021545,False,0.5798,-0.0991,1.406,medium,595,8.4e-05
a_mlp,f_xgb,0.449193,0.45718,-0.007987,20.0,0.021545,False,-0.5139,-1.2722,0.2253,medium,595,8.4e-05
b_pca90_xgb,e_rf,0.426388,0.434155,-0.007767,21.0,0.025574,False,-0.5925,-1.3216,0.0652,medium,595,8.4e-05
b_pca90_mlp,e_rf,0.422098,0.434155,-0.012057,21.0,0.025574,False,-0.6993,-1.3786,-0.0429,medium,595,8.4e-05
b_pca90_lgbm,e_rf,0.425664,0.434155,-0.008491,22.0,0.030151,False,-0.6352,-1.4216,0.033,medium,595,8.4e-05
b_pca90_rf,e_lgbm,0.422365,0.430156,-0.007791,22.0,0.030151,False,-0.6068,-1.3419,0.0604,medium,595,8.4e-05
b_pca20_lgbm,b_pca20_rf,0.325282,0.328477,-0.003196,22.0,0.030151,False,-0.3011,-1.0304,0.4529,small,595,8.4e-05
c_mlp,f_mlp,0.445802,0.454323,-0.008521,24.0,0.04126,False,-0.525,-1.3328,0.2168,medium,595,8.4e-05
c_mlp,f_lr,0.445802,0.454131,-0.008328,24.0,0.04126,False,-0.4914,-1.2746,0.2895,small,595,8.4e-05
e_lgbm,e_rf,0.430156,0.434155,-0.003999,24.0,0.04126,False,-0.2963,-1.0422,0.4006,small,595,8.4e-05
c_lr,f_lgbm,0.449611,0.455375,-0.005764,25.0,0.047913,False,-0.3494,-1.1049,0.3907,small,595,8.4e-05
b_pca90_lgbm,d_lgbm,0.425664,0.430483,-0.004819,25.0,0.047913,False,-0.3541,-1.0302,0.3951,small,595,8.4e-05
e_lgbm,e_xgb,0.430156,0.432861,-0.002705,25.0,0.047913,False,-0.2038,-0.9853,0.4942,small,595,8.4e-05
a_lr,f_lgbm,0.449662,0.455375,-0.005713,25.0,0.047913,False,-0.3437,-1.0851,0.3994,small,595,8.4e-05
a_mlp,c_mlp,0.449193,0.445802,0.003391,25.0,0.047913,False,0.2563,-0.4258,0.9564,small,595,8.4e-05
f_lr,f_xgb,0.454131,0.45718,-0.00305,26.0,0.055359,False,-0.1621,-0.9589,0.5655,negligible,595,8.4e-05
b_pca90_lr,e_mlp,0.413471,0.422079,-0.008608,26.0,0.055359,False,-0.5656,-1.3019,0.0919,medium,595,8.4e-05
a_lr,f_rf,0.449662,0.455819,-0.006157,26.0,0.055359,False,-0.3657,-1.0546,0.39,small,595,8.4e-05
a_xgb,c_rf,0.467933,0.469832,-0.001899,26.0,0.055359,False,-0.1346,-0.8921,0.5385,negligible,595,8.4e-05
b_pca90_lgbm,d_xgb,0.425664,0.430943,-0.005279,27.0,0.063721,False,-0.3878,-1.0645,0.3448,small,595,8.4e-05
b_pca20_rf,b_pca20_xgb,0.328477,0.324421,0.004057,27.0,0.063721,False,0.3586,-0.393,1.2404,small,595,8.4e-05
b_pca90_mlp,e_xgb,0.422098,0.432861,-0.010763,27.0,0.063721,False,-0.6308,-1.3191,0.0447,medium,595,8.4e-05
b_pca90_mlp,d_xgb,0.422098,0.430943,-0.008845,27.0,0.063721,False,-0.5074,-1.1472,0.2201,medium,595,8.4e-05
d_rf,e_lgbm,0.425527,0.430156,-0.00463,28.0,0.072998,False,-0.3692,-1.0769,0.3404,small,595,8.4e-05
d_mlp,e_xgb,0.428092,0.432861,-0.004769,28.0,0.072998,False,-0.3276,-1.0479,0.3943,small,595,8.4e-05
a_mlp,f_rf,0.449193,0.455819,-0.006626,28.0,0.072998,False,-0.4029,-1.1528,0.3357,small,595,8.4e-05
b_pca90_lgbm,e_xgb,0.425664,0.432861,-0.007197,28.0,0.072998,False,-0.5478,-1.3505,0.1238,medium,595,8.4e-05
b_pca90_mlp,d_lgbm,0.422098,0.430483,-0.008385,28.0,0.072998,False,-0.4811,-1.1265,0.2165,small,595,8.4e-05
c_lr,f_rf,0.449611,0.455819,-0.006208,29.0,0.083252,False,-0.3714,-1.0902,0.3669,small,595,8.4e-05
b_pca90_rf,d_mlp,0.422365,0.428092,-0.005727,29.0,0.083252,False,-0.4042,-1.1397,0.2598,small,595,8.4e-05
a_xgb,c_lgbm,0.467933,0.469593,-0.00166,30.0,0.094604,False,-0.1188,-0.8597,0.5486,negligible,595,8.4e-05
b_pca90_xgb,d_xgb,0.426388,0.430943,-0.004555,31.0,0.106995,False,-0.341,-0.9957,0.4194,small,595,8.4e-05
b_pca90_xgb,e_xgb,0.426388,0.432861,-0.006473,31.0,0.106995,False,-0.5028,-1.2547,0.1837,medium,595,8.4e-05
d_mlp,e_rf,0.428092,0.434155,-0.006063,31.0,0.106995,False,-0.4106,-1.1308,0.3235,small,595,8.4e-05
b_pca90_xgb,d_lgbm,0.426388,0.430483,-0.004095,31.0,0.106995,False,-0.3066,-0.9644,0.4463,small,595,8.4e-05
a_lr,f_lr,0.449662,0.454131,-0.004469,31.0,0.106995,False,-0.2538,-0.9708,0.5297,small,595,8.4e-05
a_rf,c_rf,0.467784,0.469832,-0.002048,32.0,0.120544,False,-0.1492,-0.8883,0.5324,negligible,595,8.4e-05
b_pca90_rf,d_rf,0.422365,0.425527,-0.003162,32.0,0.120544,False,-0.2534,-1.0069,0.455,small,595,8.4e-05
a_rf,c_lgbm,0.467784,0.469593,-0.001809,33.0,0.135376,False,-0.1332,-0.8535,0.5435,negligible,595,8.4e-05
a_lr,f_mlp,0.449662,0.454323,-0.004662,33.0,0.135376,False,-0.2755,-1.0113,0.4828,small,595,8.4e-05
a_mlp,f_lgbm,0.449193,0.455375,-0.006182,34.0,0.151428,False,-0.3809,-1.1809,0.4015,small,595,8.4e-05
a_lr,c_mlp,0.449662,0.445802,0.003859,34.0,0.151428,False,0.2815,-0.3777,1.0098,small,595,8.4e-05
b_pca90_rf,d_lr,0.422365,0.418466,0.003899,34.0,0.151428,False,0.2748,-0.3406,1.1128,small,595,8.4e-05
d_mlp,d_xgb,0.428092,0.430943,-0.002851,35.0,0.168823,False,-0.1902,-0.8461,0.598,negligible,595,8.4e-05
c_lr,f_mlp,0.449611,0.454323,-0.004713,35.0,0.168823,False,-0.2806,-1.0264,0.4907,small,595,8.4e-05
d_lgbm,e_rf,0.430483,0.434155,-0.003672,35.0,0.168823,False,-0.2568,-1.016,0.4267,small,595,8.4e-05
c_lr,c_mlp,0.449611,0.445802,0.003808,35.0,0.168823,False,0.2809,-0.399,1.0303,small,595,8.4e-05
b_pca90_mlp,e_lgbm,0.422098,0.430156,-0.008058,35.0,0.168823,False,-0.4803,-1.1521,0.2328,small,595,8.4e-05
b_pca90_mlp,d_mlp,0.422098,0.428092,-0.005994,35.0,0.168823,False,-0.3365,-1.0351,0.3675,small,595,8.4e-05
d_lr,e_mlp,0.418466,0.422079,-0.003613,35.0,0.168823,False,-0.2302,-0.974,0.3932,small,595,8.4e-05
a_mlp,f_mlp,0.449193,0.454323,-0.00513,36.0,0.187622,False,-0.3103,-1.0759,0.4601,small,595,8.4e-05
d_rf,e_mlp,0.425527,0.422079,0.003448,36.0,0.187622,False,0.2433,-0.4048,1.0627,small,595,8.4e-05
b_pca90_lgbm,b_pca90_xgb,0.425664,0.426388,-0.000724,37.0,0.207764,False,-0.0586,-0.7985,0.6865,negligible,595,8.4e-05
b_pca90_mlp,b_pca90_xgb,0.422098,0.426388,-0.00429,37.0,0.207764,False,-0.2605,-0.9712,0.5026,small,595,8.4e-05
b_pca90_lr,d_lr,0.413471,0.418466,-0.004994,37.0,0.207764,False,-0.3333,-0.9705,0.4062,small,595,8.4e-05
c_lr,f_lr,0.449611,0.454131,-0.00452,38.0,0.229309,False,-0.2585,-0.9983,0.5357,small,595,8.4e-05
b_pca90_mlp,d_lr,0.422098,0.418466,0.003633,38.0,0.229309,False,0.2037,-0.4374,1.0855,small,595,8.4e-05
b_pca90_lgbm,e_lgbm,0.425664,0.430156,-0.004492,38.0,0.229309,False,-0.352,-1.0887,0.3254,small,595,8.4e-05
f_rf,f_xgb,0.455819,0.45718,-0.001361,39.0,0.25238,False,-0.0753,-0.8438,0.6456,negligible,595,8.4e-05
b_pca90_xgb,e_lgbm,0.426388,0.430156,-0.003768,39.0,0.25238,False,-0.3016,-1.0033,0.4214,small,595,8.4e-05
b_pca90_xgb,e_mlp,0.426388,0.422079,0.004309,39.0,0.25238,False,0.305,-0.3658,1.1122,small,595,8.4e-05
f_lr,f_rf,0.454131,0.455819,-0.001688,39.0,0.25238,False,-0.0863,-0.8562,0.6488,negligible,595,8.4e-05
f_lgbm,f_xgb,0.455375,0.45718,-0.001805,39.0,0.25238,False,-0.1009,-0.843,0.6525,negligible,595,8.4e-05
d_mlp,d_rf,0.428092,0.425527,0.002565,39.0,0.25238,False,0.1846,-0.4462,0.9926,negligible,595,8.4e-05
a_mlp,f_lr,0.449193,0.454131,-0.004938,39.0,0.25238,False,-0.2865,-1.05,0.4949,small,595,8.4e-05
d_lgbm,e_xgb,0.430483,0.432861,-0.002378,40.0,0.276855,False,-0.1688,-0.9409,0.5151,negligible,595,8.4e-05
d_xgb,e_rf,0.430943,0.434155,-0.003212,41.0,0.302795,False,-0.2246,-1.0003,0.4355,small,595,8.4e-05
d_lgbm,d_mlp,0.430483,0.428092,0.002391,42.0,0.330261,False,0.1595,-0.5682,0.8456,negligible,595,8.4e-05
b_pca90_lgbm,e_mlp,0.425664,0.422079,0.003585,42.0,0.330261,False,0.2495,-0.4525,1.0441,small,595,8.4e-05
e_rf,e_xgb,0.434155,0.432861,0.001294,42.0,0.330261,False,0.0934,-0.628,0.8199,negligible,595,8.4e-05
f_mlp,f_rf,0.454323,0.455819,-0.001495,43.0,0.359131,False,-0.0789,-0.8154,0.6705,negligible,595,8.4e-05
b_pca90_lgbm,b_pca90_mlp,0.425664,0.422098,0.003566,43.0,0.359131,False,0.2139,-0.5327,0.9241,small,595,8.4e-05
b_pca90_lr,e_lr,0.413471,0.408232,0.005239,44.0,0.389404,False,0.3042,-0.3594,1.1161,small,595,8.4e-05
d_lgbm,d_xgb,0.430483,0.430943,-0.00046,45.0,0.421204,False,-0.0316,-0.7274,0.6963,negligible,595,8.4e-05
d_xgb,e_xgb,0.430943,0.432861,-0.001918,46.0,0.454285,False,-0.1362,-0.9182,0.5463,negligible,595,8.4e-05
d_mlp,e_lgbm,0.428092,0.430156,-0.002064,47.0,0.488708,False,-0.1451,-0.8246,0.6274,negligible,595,8.4e-05
b_pca90_xgb,d_rf,0.426388,0.425527,0.000861,47.0,0.488708,False,0.0711,-0.6177,0.8385,negligible,595,8.4e-05
b_pca90_xgb,d_mlp,0.426388,0.428092,-0.001704,48.0,0.524475,False,-0.123,-0.8272,0.5605,negligible,595,8.4e-05
b_pca90_lgbm,d_mlp,0.425664,0.428092,-0.002428,49.0,0.561401,False,-0.1722,-0.9024,0.5029,negligible,595,8.4e-05
a_lgbm,c_lgbm,0.470317,0.469593,0.000724,50.0,0.599487,False,0.051,-0.6743,0.7432,negligible,595,8.4e-05
f_lgbm,f_lr,0.455375,0.454131,0.001244,51.0,0.638672,False,0.0642,-0.6833,0.8743,negligible,595,8.4e-05
f_lgbm,f_mlp,0.455375,0.454323,0.001052,52.0,0.678772,False,0.0561,-0.6923,0.8375,negligible,595,8.4e-05
f_lgbm,f_rf,0.455375,0.455819,-0.000444,52.0,0.678772,False,-0.0238,-0.7449,0.7696,negligible,595,8.4e-05
b_pca90_mlp,d_rf,0.422098,0.425527,-0.003429,53.0,0.719727,False,-0.2078,-0.8988,0.5522,small,595,8.4e-05
b_pca90_mlp,b_pca90_rf,0.422098,0.422365,-0.000267,54.0,0.761536,False,-0.0159,-0.6926,0.7947,negligible,595,8.4e-05
b_pca20_lgbm,b_pca20_xgb,0.325282,0.324421,0.000861,54.0,0.761536,False,0.0749,-0.6299,0.9604,negligible,595,8.4e-05
d_xgb,e_lgbm,0.430943,0.430156,0.000787,55.0,0.803955,False,0.0573,-0.6582,0.7568,negligible,595,8.4e-05
d_lgbm,e_lgbm,0.430483,0.430156,0.000327,55.0,0.803955,False,0.0238,-0.7078,0.7302,negligible,595,8.4e-05
b_pca90_lgbm,d_rf,0.425664,0.425527,0.000137,56.0,0.846924,False,0.0111,-0.6941,0.7348,negligible,595,8.4e-05
b_pca90_rf,e_mlp,0.422365,0.422079,0.000286,56.0,0.846924,False,0.0198,-0.6874,0.7971,negligible,595,8.4e-05
f_lr,f_mlp,0.454131,0.454323,-0.000193,57.0,0.890381,False,-0.0098,-0.8247,0.7523,negligible,595,8.4e-05
a_rf,a_xgb,0.467784,0.467933,-0.000149,57.0,0.890381,False,-0.0105,-0.7647,0.692,negligible,595,8.4e-05
b_pca90_mlp,e_mlp,0.422098,0.422079,1.9e-05,58.0,0.934082,False,0.0011,-0.6452,0.8321,negligible,595,8.4e-05
a_lr,c_lr,0.449662,0.449611,5.1e-05,58.0,0.934082,False,0.0036,-0.7007,0.7474,negligible,595,8.4e-05
a_lr,a_mlp,0.449662,0.449193,0.000469,58.0,0.934082,False,0.0333,-0.617,0.7958,negligible,595,8.4e-05
c_lgbm,c_rf,0.469593,0.469832,-0.000239,59.0,0.977966,False,-0.0178,-0.7704,0.7106,negligible,595,8.4e-05
a_mlp,c_lr,0.449193,0.449611,-0.000418,59.0,0.977966,False,-0.03,-0.732,0.7037,negligible,595,8.4e-05
a_lgbm,c_rf,0.470317,0.469832,0.000485,60.0,1.0,False,0.0338,-0.6966,0.7298,negligible,595,8.4e-05
