dataset,pipeline,train_frac,n_samples,mean_PR_AUC,std_PR_AUC
bank,a,0.1,3295,0.42429,0.01141
bank,a,0.2,6590,0.44011,0.00342
bank,a,0.3,9885,0.44805,0.00419
bank,a,0.4,13180,0.4497,0.00265
bank,a,0.5,16475,0.45351,0.00325
bank,a,0.6,19770,0.4511,0.00441
bank,a,0.7,23065,0.45335,0.00229
bank,a,0.8,26360,0.45576,0.00137
bank,a,0.9,29655,0.4553,0.00162
bank,a,1.0,32950,0.44931,0.01442
bank,b_pca90,0.1,3295,0.39336,0.01375
bank,b_pca90,0.2,6590,0.40348,0.00284
bank,b_pca90,0.3,9885,0.4077,0.00404
bank,b_pca90,0.4,13180,0.40822,0.00297
bank,b_pca90,0.5,16475,0.41172,0.00327
bank,b_pca90,0.6,19770,0.40866,0.00213
bank,b_pca90,0.7,23065,0.41056,0.00119
bank,b_pca90,0.8,26360,0.41242,0.00081
bank,b_pca90,0.9,29655,0.41236,0.00052
bank,b_pca90,1.0,32950,0.40914,0.01263
bank,b_pca20,0.1,3295,0.25565,0.00646
bank,b_pca20,0.2,6590,0.25292,0.00571
bank,b_pca20,0.3,9885,0.25235,0.00412
bank,b_pca20,0.4,13180,0.25147,0.00348
bank,b_pca20,0.5,16475,0.25263,0.00099
bank,b_pca20,0.6,19770,0.25162,0.00135
bank,b_pca20,0.7,23065,0.25139,0.00142
bank,b_pca20,0.8,26360,0.25041,0.00203
bank,b_pca20,0.9,29655,0.25137,0.00106
bank,b_pca20,1.0,32950,0.27242,0.0161
bank,c,0.1,3295,0.4126,0.01301
bank,c,0.2,6590,0.43654,0.0045
bank,c,0.3,9885,0.44427,0.00792
bank,c,0.4,13180,0.4511,0.00462
bank,c,0.5,16475,0.45456,0.00533
bank,c,0.6,19770,0.45358,0.00621
bank,c,0.7,23065,0.45602,0.00307
bank,c,0.8,26360,0.45941,0.0011
bank,c,0.9,29655,0.45977,0.00141
bank,c,1.0,32950,0.44881,0.01495
bank,d,0.1,3295,0.42958,0.00534
bank,d,0.2,6590,0.43198,0.00282
bank,d,0.3,9885,0.43194,0.00241
bank,d,0.4,13180,0.43389,0.001
bank,d,0.5,16475,0.43239,0.0015
bank,d,0.6,19770,0.43341,0.00167
bank,d,0.7,23065,0.43368,0.00184
bank,d,0.8,26360,0.43454,0.00039
bank,d,0.9,29655,0.4339,0.00075
bank,d,1.0,32950,0.41907,0.00987
bank,e,0.1,3295,0.41918,0.00296
bank,e,0.2,6590,0.41953,0.00308
bank,e,0.3,9885,0.42185,0.00231
bank,e,0.4,13180,0.42139,0.00224
bank,e,0.5,16475,0.4221,0.0011
bank,e,0.6,19770,0.42278,0.0006
bank,e,0.7,23065,0.42217,0.00029
bank,e,0.8,26360,0.42302,0.00065
bank,e,0.9,29655,0.42365,0.00059
bank,e,1.0,32950,0.41009,0.01342
bank,f,0.1,3295,0.46164,0.01004
bank,f,0.2,6590,0.473,0.00773
bank,f,0.3,9885,0.48135,0.00501
bank,f,0.4,13180,0.48187,0.00401
bank,f,0.5,16475,0.48645,0.00601
bank,f,0.6,19770,0.48553,0.00202
bank,f,0.7,23065,0.48898,0.00199
bank,f,0.8,26360,0.49167,0.00198
bank,f,0.9,29655,0.49128,0.00088
bank,f,1.0,32950,0.48125,0.00965
retail,a,0.1,289,0.73774,0.00429
retail,a,0.2,578,0.73906,0.00416
retail,a,0.3,867,0.73669,0.00177
retail,a,0.4,1156,0.73754,0.00236
retail,a,0.5,1446,0.73667,0.00254
retail,a,0.6,1735,0.73875,0.00135
retail,a,0.7,2024,0.73818,0.00252
retail,a,0.8,2313,0.74036,0.00044
retail,a,0.9,2602,0.74005,0.00052
retail,a,1.0,2892,0.76125,0.01198
retail,b_pca90,0.1,289,0.74518,0.0092
retail,b_pca90,0.2,578,0.75023,0.00026
retail,b_pca90,0.3,867,0.74926,0.00099
retail,b_pca90,0.4,1156,0.74992,0.00028
retail,b_pca90,0.5,1446,0.74982,0.00035
retail,b_pca90,0.6,1735,0.75016,0.00024
retail,b_pca90,0.7,2024,0.75004,0.00021
retail,b_pca90,0.8,2313,0.74977,0.00017
retail,b_pca90,0.9,2602,0.74994,0.00034
retail,b_pca90,1.0,2892,0.76799,0.01351
retail,b_pca20,0.1,289,0.75005,0.0
retail,b_pca20,0.2,578,0.75005,0.0
retail,b_pca20,0.3,867,0.75005,0.0
retail,b_pca20,0.4,1156,0.75005,0.0
retail,b_pca20,0.5,1446,0.75005,0.0
retail,b_pca20,0.6,1735,0.75005,0.0
retail,b_pca20,0.7,2024,0.75005,0.0
retail,b_pca20,0.8,2313,0.75005,0.0
retail,b_pca20,0.9,2602,0.75005,0.0
retail,b_pca20,1.0,2892,0.76658,0.01242
retail,c,0.1,289,0.70194,0.02948
retail,c,0.2,578,0.73002,0.01839
retail,c,0.3,867,0.73462,0.01328
retail,c,0.4,1156,0.73797,0.01006
retail,c,0.5,1446,0.7396,0.01101
retail,c,0.6,1735,0.74256,0.00946
retail,c,0.7,2024,0.74251,0.00813
retail,c,0.8,2313,0.74582,0.00338
retail,c,0.9,2602,0.74964,0.00194
retail,c,1.0,2892,0.77652,0.01737
retail,d,0.1,289,0.7235,0.00523
retail,d,0.2,578,0.72953,0.01166
retail,d,0.3,867,0.72563,0.00711
retail,d,0.4,1156,0.73039,0.00435
retail,d,0.5,1446,0.72677,0.00487
retail,d,0.6,1735,0.72743,0.00369
retail,d,0.7,2024,0.72804,0.00383
retail,d,0.8,2313,0.73052,0.00197
retail,d,0.9,2602,0.72988,0.00213
retail,d,1.0,2892,0.7613,0.01665
retail,e,0.1,289,0.71086,0.02182
retail,e,0.2,578,0.71833,0.01409
retail,e,0.3,867,0.72409,0.01208
retail,e,0.4,1156,0.72636,0.00543
retail,e,0.5,1446,0.72663,0.00124
retail,e,0.6,1735,0.73165,0.00163
retail,e,0.7,2024,0.72976,0.00123
retail,e,0.8,2313,0.73165,0.00162
retail,e,0.9,2602,0.73221,0.00098
retail,e,1.0,2892,0.76186,0.01533
retail,f,0.1,289,0.72052,0.00808
retail,f,0.2,578,0.72869,0.01087
retail,f,0.3,867,0.73331,0.00925
retail,f,0.4,1156,0.7331,0.00521
retail,f,0.5,1446,0.72743,0.00436
retail,f,0.6,1735,0.72913,0.00512
retail,f,0.7,2024,0.72667,0.00345
retail,f,0.8,2313,0.72591,0.00356
retail,f,0.9,2602,0.72392,0.00132
retail,f,1.0,2892,0.76355,0.02151
